"Sales","Bán hàng"
"Orders","Đặt hàng"
"Invoices","Hóa đơn"
"Tax","Thuế"
"Manage Tax Rules","Quản lý quy tắc thuế"
"Manage Tax Rates","Quản lý thuế suất"
"Import / Export Tax Rates","Nhập / Xuất Thuế suất"
"Customer Tax Classes","Nhóm thuế khách hàng"
"Product Tax Classes","Nhóm thuế Sản phẩm"
"Configuration","Cấu hình"
"Catalog","Catalog"
"Manage Products","Quản lý Sản phẩm"
"Manage Categories","Quản lý loại hàng"
"Attributes","Thuộc tính "
"Manage Attributes","Quản lý thuộc tính"
"Manage Attribute Sets","Quản lý bộ thuộc tính"
"reviews &amp; Ratings","Nhận xét &amp; Đánh giá"
"Customer reviews","Nhận xét khách hàng"
"Pending reviews","Nhận xét chưa hoàn tất"
"All reviews","Tất cả Nhận xét"
"Manage Ratings","Quản lý Đánh giá"
"Tags","Thẻ"
"Pending Tags","Thẻ treo"
"All Tags","Tổng thẻ"
"Customers' Tags","Thẻ khách hàng"
"Products' Tags","Thẻ Sản phẩm"
"Search","Tìm"
"Datafeeds","Nguồn dữ liệu"
"Dashboard","Bảng theo dõi"
"Customers","Khách hàng"
"Manage Customers","Quản lý khách hàng"
"Customer Groups","Nhóm khách hàng"
"Online Customers","Khách hàng online"
"Promotions","Khuyến mãi"
"Catalog Price Rules","Quy tắc Giá Catalog"
"Shopping Cart Price Rules","Quy tắc Giá Giỏ hàng"
"CMS","CMS"
"Manage Pages","Quản lý trang "
"Static Blocks","Khối tĩnh"
"Poll Manager","Quản lý thăm dò"
"Newsletter","Thư báo"
"Newsletter Templates","Mẫu thư báo"
"Subscribers","Người đăng ký"
"Newsletter Queue","Hàng đợi thư báo"
"Newsletter Problem Reports","Báo cáo trục trặc thư báo"
"Reports","Báo cáo "
"Sales Report","Báo cáo bán hàng"
"Shopping Cart Report","Báo cáo Giỏ hàng"
"Products","Sản phẩm"
"Products Report","Báo cáo Sản phẩm"
"Coupons Reports","Báo cáo phiếu mua hàng"
"Wishlist Report","Báo cáo Danh sách yêu thích"
"Reviews Report","Báo cáo Nhận xét"
"Customers reviews","Nhận xét của khách hàng"
"Products reviews","Nhận xét Sản phẩm"
"Tags Report","Báo cáo thẻ"
"Products (Total)","Sản phẩm (Tổng)"
"Popular","Phổ biến"
"Search Report","Báo cáo Tìm kiếm"
"Best Customers","Khách hàng thân thiết"
"Recent Orders","Đơn hàng gần đây"
"Order Totals","Tổng số đơn hàng"
"System","Hệ thống"
"My Account","Tài khoản"
"Tools","Công cụ"
"Backups","Sao lưu"
"Manage Currency","Quản lý tiền tệ"
"Transactional Emails","Email giao dịch"
"Permissions","Quyền"
"Users","Người dùng"
"Roles","Vai trò"
"Invoice Information","Thông tin hóa đơn"
"Store Name","Tên cửa hàng"
"Create Backup","Sao lưu"
"Title","Tựa đề"
"Add New User","Thêm người dùng"
"Unknown","Không rõ"
"View Order","Xem đơn hàng"
"Number of Unique Tags","Số loại thẻ duy nhất"
"State/Province","Tỉnh thành"
"No Newsletter Found","Không có thư báo nào"
"Session Start Time","Thời điểm bắt đầu phiên"
"Edit Queue","Sửa hàng đợi"
"Edit review '%s'","Sửa Nhận xét '%s'"
"Comparable","So sánh được"
"Number of reviews","Số Nhận xét"
"Block Title","Tên khối"
"Add New","Thêm mới"
"Add New Image","Thêm Hình"
"Unable to find a user to delete","Không thấy người dùng để xóa"
"Related Products","Sản phẩm liên quan"
"Sản phẩm in Cart","Hàng trong Giỏ"
"This user no longer exists","Người dùng không còn tồn tại"
"Shipping Method","Phương thức vận chuyển"
"Signed Up From","Đăng ký từ"
"Cancel Order","Hủy đặt hàng"
"Can be used only with catalog input type Dropdown","Chỉ được sử dụng khi nhập Catalog kiểu Thả xuống"
"Error while deleting this rate. Please try again later.","Có lỗi khi xóa mức này. Hãy thử lại sau."
"Save Account","Lưu tài khoản"
"Shopcart Products","Sản phẩm trong Giỏ"
"Addresses","Địa chỉ"
"Number Purchased","Số đã mua"
"Rule Name","Tên Quy tắc "
"You cannot delete this attribute","Bạn không thể xóa thuộc tính này"
"List only","Chỉ liệt kê"
"Last Modified","Sửa lần cuối"
"Reset Filter","Đặt lại bộ lọc"
"Please make sure that all global admin search modules are installed and activated.","Đảm bảo mọi phân hệ quản trị tìm kiếm toàn bộ đã được cài đặt và kích hoạt."
"Global","Toàn bộ"
"New Address","Địa chỉ mới"
"Delete Category","Xóa Loại hàng"
"Tag","Thẻ"
"Are you sure you want to delete this attribute set?","Bạn có muốn xóa bộ thuộc tính này không?"
"Physical Products","Sản phẩm thực"
"Created at","Được tạo ở"
"User Roles Information","Thông tin vai trò người dùng"
"Currency Information","Thông tin tiền tệ"
"Carts","Giỏ hàng"
"Attribute Label","Nhãn thuộc tính"
"Credit Memo Information","Thông tin Phiếu cấn trừ tiền"
"Error Code","Mã lỗi"
"Product attribute was successfully saved","Thuộc tính Sản phẩm đã được lưu"
"Tag Detail","Chi tiết thẻ"
"State","Vùng"
"Website was successfully saved","Trang web đã được lưu"
"Delete Address","Xóa Địa chỉ"
"Error while deleting this tax class. Please, try again later.","Có lỗi khi xóa Nhóm thuế. Hãy thử lại sau."
"Unique Value (not shared with other products)","Giá trị độc nhất (không dùng chung với Sản phẩm khác)"
"The invoice you are trying to create credit memo for no longer exists","Hóa đơn bạn đang tạo Phiếu cấn trừ tiền không còn tồn tại"
"Edit Tag '%s'","Sửa thẻ '%s'"
"Rating Options","Tuỳ chọn Đánh giá"
"Add Attribute","Thêm Thuộc tính"
"Error while saving this group. Please try again later.","Có lỗi khi lưu nhóm khách hàng này. Hãy thử lại sau."
"Summary of review","Tóm lược Nhận xét"
"Cancel","Hủy bỏ"
"HTML","HTML"
"New Invoice for Order #%s","Hóa đơn mới cho Đơn hàng #%s"
"Add Tier","Thêm Bậc"
"Role Resources","Tài nguyên cho vai trò"
"Edit Tax Rule","Sửa Quy tắc thuế"
"Qty Backordered","Số lượng đặt hàng chờ"
"Subscribed to Newsletter?","Đăng ký Thư báo?"
"Categories","Loại hàng"
"Up-sells","Bán lên"
"Add New Attribute","Thêm Thuộc tính"
"Tax Amount","Tiền thuế"
"Stop further rules processing","Ngưng xử lý quy tắc"
"Parent Category","Thư mục gốc"
"New Block","Khối mới"
"This account is","Tài khoản này là"
"Unable to get product id.","Không lấy được mã Sản phẩm."
"Add Selected Product to Order","Thêm Sản phẩm đã chọn vào đơn hàng"
"Language","Ngôn ngữ"
"Products Report (Total)","Báo cáo Sản phẩm (Tổng)"
"Default config","Cấu hình mặc định"
"Page Status","Trạng thái trang"
"Order #","# Đơn hàng"
"Save Block","Lưu khối"
"View Products","Xem Sản phẩm"
"Last Name","Họ"
"Backend Table","Bảng Hậu cứ"
"Back","Trở lại"
"Customer with the same email already exists.","Khách hàng có cùng email đã tồn tại."
"ZIP/Postal Code","Mã khu vực/bưu điện"
"Visitors Only","Chỉ cho khách"
"New Group","Nhóm mới"
"Date Added","Ngày thêm"
"Home","Trang chủ"
"Attrib. Set Name","Tên bộ thuộc tính"
"Zip/Post Code","Mã khu vực/bưu điện"
"No Templates Found","Không thấy mẫu nào"
"Role Info","Thông tin vai trò"
"Edit Poll '%s'","Sửa Thăm dò '%s'"
"New Customer","Khách hàng mới"
"Group","Nhóm "
"Poll Question","Câu hỏi thăm dò"
"Error while saving account. Please, try again later","Có lỗi khi lưu tài khoản. Hãy thử lại sau"
"Add New Poll","Thêm Thăm dò"
"Duplicate Row #%s (Country ""%s"", Region/State ""%s"", Zip ""%s"" and Value ""%s"")","Dòng #%s trùng lặp (Quốc gia ""%s"", Vùng/Miền ""%s"", Khu vực ""%s"" và Giá trị ""%s"")"
"Header Text","Dòng tiêu đề"
"Invalid file upload attempt","Tải tập tin lên không hợp lệ"
"The order you are trying to create invoice for no longer exists","Đơn đặt hàng đang tính hóa đơn không tồn tại"
"Shipped to Last Name","Vận chuyển - Họ"
"Votes Count","Đếm phiếu"
"Edit User","Sửa người dùng"
"Add New Tax Rate","Thêm Thuế suất"
"Status","Trạng thái"
"Edit Poll Answer","Sửa Giải đáp thăm dò"
"This user already added to the role.","Người dùng đã được gán vai trò này."
"Save Attribute","Lưu thuộc tính"
"User ID","Mã người dùng "
"Do you really want to cancel the queue?","Bạn có muốn hủy bỏ hàng đợi không?"
"Save Rate","Lưu mức"
"Queue Start","Bắt đầu Hàng đợi"
"Cross-sells","Bán chéo"
"Delete Rating","Xóa Đánh giá"
"Import Rates From www.webservicex.net","Nhập thuế suất từ www.webservicex.net"
"Rule was successfully saved","Quy tắc đã được lưu"
"Required","Bắt buộc"
"N/A","Không áp dụng"
"Continue","Tiếp tục"
"Grid only","Chỉ dạng lưới"
"View Invoice","Xem hóa đơn"
"Use default","Dùng mặc định"
"Category move error","Lỗi chuyển Loại hàng"
"Time","Thời gian"
"Set Root Category For Store","Đặt Thư mục gốc cho cửa hàng"
"Backend Table Title","Tựa Bảng Hậu cứ"
"Product Information","Thông tin Sản phẩm"
"New Website","Trang web mới"
"Tax Rate","Thuế suất"
"Text","Văn bản"
"Input Validation for Store Owner","Thẩm định phần nhập cho Chủ cửa hàng"
"Revenue","Doanh thu"
"No records found.","Không có mẫu tin nào."
"Save Website","Lưu trang web"
"Last Activity","Hoạt động cuối"
"Included Product Categories","Loại Sản phẩm kèm theo"
"Error while saving this tax class. Class with the same name already exists.","Có lỗi khi lưu Nhóm thuế. Nhóm thuế cùng tên đã tồn tại."
"Name In Store","Tên trong cửa hàng"
"Error while deleting this tax rule. Please, try again later.","Có lỗi khi xóa quy tắc thuế. Hãy thử lại sau."
"User was successfully deleted","Người dùng đã được xoá"
"New Currency","Loại tiền mới"
"Add New review","Thêm Nhận xét"
"Store Code","Mã cửa hàng"
"View Customers","Xem khách hàng"
"Number of Total Tags","Tổng số thẻ"
"Role successfully saved.","Vai trò đã được lưu."
"Delete Block","Xóa Khối"
"Subscriber","Người đăng ký"
"Customer Since","Khách hàng từ"
"Password Management","Quản lý mật khẩu"
"Global Attribute","Thuộc tính Toàn thể"
"Delete Attribute Set","Xóa Bộ thuộc tính"
"Rating Name","Tên Đánh giá"
"Paused","Tạm dừng"
"Product ID","Mã Sản phẩm"
"Add Product","Thêm Sản phẩm"
"Poll was successfully deleted","Thăm dò ý kiến đã được xoá"
"Uses per coupon","Lần dùng cho mỗi phiếu"
"Format","Định dạng"
"Configuration successfully saved","Cấu hình đã được lưu"
"Coupon Code","Mã phiếu mua hàng"
"No Sản phẩm Found","Không có Sản phẩm nào"
"Checkout Price Rule","Quy tắc Giá thanh toán"
"Use In Layered Navigation","Dùng để điều hướng theo lớp"
"Invalid Table Rates File Format","Định dạng file Bảng thuế không hợp lệ"
"Website Code","Mã trang web"
"Save Tag","Lưu thẻ"
"Tag Name","Tên thẻ"
"Manage Currencies","Quản lý tiền tệ"
"Credit Memo was not saved","Phiếu cấn trừ không được lưu"
"Product Tax Class Information","Thông tin Nhóm thuế Sản phẩm"
"new customer","Khách hàng mới"
"Unable to find an attribute to delete","Không tìm thấy thuộc tính nào để xóa"
"Delete Selected Group","Xóa Nhóm đã chọn"
"Delete Rule","Xóa Quy tắc"
"For matching Sản phẩm only","Chỉ cho các Sản phẩm khớp đúng"
"Url","Url"
"Customer Group was successfully saved","Nhóm khách hàng đã được lưu"
"Delete reviews","Xóa Nhận xét"
"Maximum Qty Discount is Applied to","Mức giảm giá số lượng tối đa được áp dụng cho"
"Grid (default) / List","Lưới (mặc định) / Danh sách"
"Manage Product Attributes","Quản lý thuộc tính Sản phẩm"
"New System Template","Mẫu hệ thống mới"
"Website Name","Tên trang web"
"Edit Block","Sửa khối"
"View","Xem"
"Delete Customer","Xóa Khách hàng"
"Please, select Product Tax Class","Xin hãy chọn Nhóm thuế Sản phẩm"
"Search was successfully deleted","Lệnh tìm kiếm đã được xoá"
"Save Newsletter","Lưu thư báo"
"Letters","Thư"
"Synonym for","Đồng nghĩa của"
"Conditions","Điều kiện"
"or","hoặc"
"%s Tax Classes","%s Nhóm thuế"
"Attribute Identifier<br/>(For internal use. Must be unique with no spaces)","Mã thuộc tính <br/> (Sử dụng nội bộ. Phải duy nhất và không có khoảng trống)"
"Convert to Plain Text","Đổi sang văn bản đơn giản"
"Apply","Áp dụng"
"Apply Rules","Áp dụng Quy tắc"
"Save Search","Lưu lệnh tìm"
"Synonym For","Đồng nghĩa của"
"review was saved successfully","Nhận xét đã được lưu"
"Delete Selected Problems","Xóa Trục trặc đã chọn"
"Invalid Country ""%s"" in the Row #%s","Quốc gia ""%s"" không hợp lệ tại hàng #%s"
"You cannot delete account of yourself","Bạn không thể xóa tài khoản của mình"
"From Date","Từ ngày"
"Number Of reviews","Số lượng Nhận xét"
"Manage Label / Options","Quản lý nhãn / tuỳ chọn"
"Not Sent","Không gửi"
"Discount amount","Số giảm giá"
"Error while adding a group. Please, try again later.","Có lỗi khi thêm nhóm. Hãy thử lại sau."
"Resume","Tiếp tục lại"
"Redirect URL","Định hướng lại URL"
"Invoice was charged succesfully","Hóa đơn đã được thanh toán"
"Sort order","Thứ tự sắp xếp"
"Delete Store","Xóa Cửa hàng"
"Doc Number","Số tài liệu"
"Edit Answer '%s'","Sửa Giải đáp '%s'"
"All types","Mọi kiểu"
"Subtotal","Tổng số phụ"
"Coupon code","Mã phiếu mua hàng"
"User Information","Thông tin người dùng"
"Add new Role","Thêm Vai trò"
"# of Use","# lần dùng"
"New Customer Group","Nhóm khách hàng mới"
"For all types of checkout","Với mọi kiểu thanh toán"
"New Newsletter Template","Mẫu thư báo mới"
"User Info","Ttin người dùng"
"Edit Tag","Sửa thẻ"
"Error while saving this rate. Please try again later.","Có lỗi khi xóa mức này. Xin thử lại sau."
"Customer Group was successfully deleted","Nhóm khách hàng đã được xóa"
"New Customer Tax Class","Nhóm thuế khách hàng mới"
"Block was successfully saved","Khối đã được lưu"
"Online","Trực tuyến"
"Queue Finish","Xong hàng đợi"
"Class Name","Tên nhóm"
"Stores","Cửa hàng"
"Role ID","Mã vai trò"
"Rate With %s","Mức với %s"
"Poll information","Thông tin thăm dò"
"Poducts Report","Báo cáo Sản phẩm"
"Edit Search","Sửa lệnh tìm"
"Last date subscribed","Ngày đăng ký cuối cùng"
"Add","Thêm"
"Datetime","Ngày giờ"
"Default Qty","Số lượng mặc định"
"Are you sure you want to cancel this order?","Bạn có muốn xóa đơn đặt hàng này không?"
"Edit Poll","Sửa thăm dò"
"Category deleted","Loại hàng đã được xóa"
"Qty To Add","Số lượng thêm vào"
"Backend Model","Mô hình Hậu cứ"
"User was successfully saved","Người dùng đã được lưu"
"Create Product Settings","Cài đặt Tạo Sản phẩm"
"From","Từ"
"Newsletter Information","Thông tin thư báo"
"Select Configurable Attributes ","Chọn thuộc tính cấu hình được"
"Attribute Information","Thông tin thuộc tính"
"Store Information","Thông tin cửa hàng"
"n/a","Không áp dụng"
"Edit Website","Sửa trang web"
"Edit Set Name","Sửa tên bộ"
"Tax rate was successfully saved","Thuế suất đã được lưu"
"Billing Address","Địa chỉ thanh toán"
"Rules were successfully applied","Quy tắc đã được áp dụng"
"This search no longer exists","Lệnh tìm này không còn tồn tại"
"This attribute shares the same value in all the stores","Thuộc tính này có cùng giá trị trong mọi cửa hàng"
"Data Type for Saving in Database","Kiểu dữ liệu để lưu trong CSDL"
"Tag was successfully saved","Thẻ đã được lưu"
"Use advanced conditions","Dùng điều kiện nâng cao"
"Save","Lưu"
"Type","Kiểu"
"Purchased at","Mua tại"
"Enable","Kích hoạt"
"Recipients","Người nhận"
"Permission","Cho phép"
"Promo","Khuyến mãi"
"Class Details","Chi tiết Nhóm"
"Category saved","Loại hàng đã lưu"
"Name In %s","Tên trong %s"
"Zip/Postal Code","Mã khu vực/bưu điện"
"Empty","Rỗng"
"Product Name","Tên Sản phẩm"
"NOT LOGGED IN","CHƯA ĐĂNG NHẬP"
"Role successfully deleted.","Vai trò đã được xoá."
"Edit Search '%s'","Sửa lệnh tìm '%s'"
"Tax rule was successfully deleted","Quy tắc thuế đã được xóa"
"None","Không có"
"Per Order","Trên mỗi đơn hàng"
"Number Added","Số thêm vào"
"For shipment with matching Sản phẩm","Để vận chuyển với các Sản phẩm phù hợp"
"Tax rates file has been successfully imported","Tập tin thuế suất đã được nhập"
"Ship to First name","Vận chuyển - Tên"
"New Search","Lệnh tìm mới"
"Edit Rule","Sửa quy tắc"
"Letters(a-z) or Numbers(0-9)","Chữ cái (a-z) hoặc số (0-9)"
"Visible on Catalog Pages on Front-end","Thấy được trên Trang Catalog ở Mặt tiền"
"Edit User '%s'","Sửa người dùng '%s'"
"Rule Information","Thông tin Quy tắc"
"CSV","CSV"
"Submit Order","Đặt hàng"
"Options","Lựa chọn"
"Edit Customer Group","Sửa nhóm khách hàng"
"Delete","Xóa"
"Error while saving this group. Group with the same name already exists.","Có lỗi khi lưu nhóm. Nhóm cùng tên đã có sẵn."
"Last date unsubscribed","Ngày cuối thôi đăng ký"
"Text Area","Vùng văn bản"
"Queue Newsletter","Thư báo hàng đợi"
"Bought From","Được mua từ"
"Visitor","Khách viếng thăm"
"New Product Attribute","Thuộc tính Sản phẩm mới"
"Currency","Loại tiền"
"Error while deleting this set.","Lỗi khi xóa bộ thuộc tính này."
"Please select a product","Hãy chọn một Sản phẩm"
"User Role","Vai trò người dùng"
"Assigned Role","Vai trò được gán"
"Date Created","Ngày tạo"
"SKU","Mã số sản phẩm"
"Conditions and Actions","Điều kiện và thao tác"
"Pause","Tạm dừng"
"review","Xem lại"
"Integer Number","Số nguyên"
"Option Label","Nhãn tuỳ chọn"
"Recently Compared","Vừa được so sánh"
"Start","Bắt đầu"
"Rates","Mức"
"Bundle","Gói"
"Save Answer","Lưu Giải đáp"
"Number of Uses","Số lần sử dụng"
"Delete Rate","Xóa Mức"
"Shopping Cart","Giỏ hàng"
"Save Customer","Lưu khách hàng"
"Apply To","Áp dụng cho"
"Website","Trang web"
"Template Subject","Chủ đề của mẫu"
"Preview Template","Xem trước mẫu"
"Attribute Properties","Các đặc tính thuộc tính"
"Customer was successfully saved","Khách hàng đã được lưu"
"Create Credit Memo","Tạo Phiếu cấn trừ"
"Order #%s","Đơn hàng #%s"
"Shipping Address","Địa chỉ vận chuyển"
"Attribute Identifier","Mã thuộc tính"
"Globally Editable","Soạn thảo được trên toàn thể"
"Category Data","Dữ liệu Loại hàng"
"Customer Tax Class Information","Thông tin Nhóm thuế khách hàng"
"Selected subscribers were successfully added to the selected queue","Đã đưa người đăng ký được chọn vào hàng đợi"
"Date","Ngày"
"Nickname","Tên hiệu"
"Customers Tagged Product","Sản phẩm gắn thẻ khách hàng"
"Product Rating","Đánh giá Sản phẩm"
"Edit %s Tax Class Title","Sửa tên Nhóm thuế %s"
"Customer Groups","Nhóm khách hàng"
"Text Field","Trường văn bản"
"Enabled","Đã kích hoạt"
"All","Tất cả"
"Integer","Số nguyên"
"Bill to Last name","Thanh toán - Họ"
"Backup","Sao lưu"
"Dropdown","Thả xuống"
"New Store","Cửa hàng mới"
"Product Tags (Total)","Thẻ Sản phẩm (Tổng)"
"Toggle Editor","Bật tắt trình soạn thảo"
"Code","Mã số"
"Search Information","Tìm kiếm thông tin"
"Option Title","Tên tuỳ chọn"
"ZIP/Post Code","Mã khu vực/bưu điện"
"Tax class was successfully saved","Nhóm thuế đã được lưu"
"Name<br/>(For internal use)","Tên <br/> (Lưu hành nội bộ)"
"Qty","Số lượng"
"Rating Title","Tên Đánh giá"
"Advanced Conditions","Điều kiện nâng cao"
"Tax Class","Nhóm thuế"
"Keywords","Từ khóa "
"New Rule","Quy tắc mới"
"Fixed amount discount","Mức giảm giá cố định"
"Redirect","Chuyển hướng"
"You cannot edit this attribute","Bạn không thể sửa thuộc tính này"
"Unsubcribed","Chưa đăng ký"
"Edit Invoice #%s","Sửa hóa đơn #%s"
"Add Group","Thêm nhóm"
"DB","CSDL"
"Tier Pricing","Định giá theo bậc"
"New Email Template","Mẫu email mới"
"Results","Kết quả"
"First Name","Tên"
"Save Poll","Lưu Thăm dò"
"Product Attribute Sets","Bộ thuộc tính Sản phẩm"
"Save Category","Lưu Loại hàng"
"Customer Information","Thông tin khách hàng"
"Create New Order","Tạo đơn hàng mới "
"Invalid Region/State ""%s"" in the Row #%s","Vùng/Miền ""%s"" không hợp lệ tại hàng #%s"
"This invoice no longer exists","Hóa đơn không tồn tại"
"Create New Credit Memo","Tạo Phiếu cấn trừ mới"
"New Customer Groups","Nhóm khách hàng mới"
"Bought from wishlists","Mua từ Danh sách yêu thích"
"Products Tagged with '%s'","Sản phẩm gắn thẻ '%s'"
"Edit Role","Sửa vai trò"
"Edit Order","Sửa đơn hàng"
"Edit Rating","Sửa Đánh giá"
"Add New Block","Thêm Khối"
"New Credit Memo for Invoice #","Phiếu cấn trừ mới cho hóa đơn #"
"Name","Tên"
"Not activated","Chưa kích hoạt"
"Invalid request","Yêu cầu không hợp lệ"
"Exclude multi-address checkout","Loại trừ thanh toán đa địa chỉ"
"Add New Attribute Set","Thêm Bộ thuộc tính"
"Delete Invoice","Xóa Hóa đơn"
"Wrong column format","Định dạng cột sai"
"Edit Order #%s","Sửa đơn hàng #%s"
"review was successfully saved","Nhận xét đã được lưu"
"All Stores","Mọi cửa hàng"
"Summary of review","Tóm tắt Nhận xét"
"Date Posted","Ngày đưa lên"
"Qty Shipped","Số lượng vận chuyển"
"Save config","Lưu cấu hình"
"Invoice was successfully charged","Hóa đơn đã được thanh toán"
"Actions","Thao tác"
"Export","Xuất"
"Please select State","Hãy lựa chọn Vùng"
"All countries","Mọi quốc gia"
"Selected problems successfully deleted","Các trục trặc được chọn đã xoá xong"
"Save Store","Lưu cửa hàng"
"Percent of product price discount","Mức phần trăm giảm giá Sản phẩm"
"Save Page","Lưu trang"
"Error while saving this tax class. Please try again later.","Có lỗi khi lưu Nhóm thuế này. Hãy thử lại sau."
"Customers Only","Chỉ cho khách hàng"
"Catalog Price Rule","Quy tắc Giá Catalog"
"Customer doesn't have primary billing address","Khách hàng không có địa chỉ thanh toán gốc"
"Virtual Products","Sản phẩm ảo"
"Add New Answer","Thêm Giải đáp"
"Unable to find a poll to delete","Không thấy thăm dò cần xóa"
"All tags","Mọi thẻ"
"%s Tax Classes Title","Tên Nhóm thuế %s"
"Product name","Tên Sản phẩm"
"(Will make search for the query above return results for this search.)","(Sẽ tìm kết quả khác cho câu hỏi ngoài những kết quả trên)"
"Subcribed","Đã đăng ký"
"Edit Group","Sửa nhóm"
"Number Viewed","Số đã xem"
"Rating Information","Thông tin đánh giá"
"Bill to First name","Thanh toán - Tên"
"Attribute set successfully saved.","Bộ thuộc tính đã được lưu."
"Attribute Model","Mô hình thuộc tính"
"Error while saving this tax rule. Please try again later.","Có lỗi khi lưu quy tắc thuế. Hãy thử lại sau."
"Attribute with the same code already exists","Thuộc tính có cùng mã số đã tồn tại"
"Qty Returned","Số lượng trả về"
"Delete Template","Xóa Mẫu"
"Add Answer","Thêm Giải đáp"
"Add New Tag","Thêm Thẻ"
"Save review","Lưu Nhận xét"
"Answer was successfully saved","Giải đáp đã được lưu"
"Delete Search","Xóa Lệnh tìm"
"New Poll","Thăm dò mới"
"Please, select Rate","Hãy chọn mức"
"Save Role","Lưu vai trò"
"All rates were imported","Mọi mức đã được nhập"
"reviews","Nhận xét"
"Edit Invoice","Sửa hóa đơn"
"Multiple Select","Chọn nhiều"
"Visible","Thấy được"
"Rating","Đánh giá"
"Template Name","Tên mẫu"
"Product Type","Kiểu Sản phẩm"
"Please select a customer","Hãy chọn một khách hàng"
"Tax rate was successfully deleted","Thuế suất đã được xoá"
"Free ground shipping","Vận chuyển miễn phí"
"Default price","Giá mặc định"
"Disabled","Vô hiệu"
"No description","Không có mô tả"
"Delete Tag","Xóa Thẻ"
"Product saved","Sản phẩm đã lưu"
"Please select a store","Hãy chọn một cửa hàng"
"This rule no longer exists","Quy tắc này không tồn tại"
"This rule no longer exists","Quy tắc này không tồn tại"
"Ratings","Đánh giá"
"Save Currency","Lưu loại tiền"
"Ship to Last name","Vận chuyển - Họ"
"Add New Search","Thêm lệnh tìm kiếm mới"
"Delete Poll","Xóa Thăm dò"
"Priority","Ưu tiên"
"Product reviews","Nhận xét Sản phẩm"
"Invoice was not charged","Hóa đơn chưa thanh toán"
"Sent","Đã gửi"
"Assigned Options","Lựa chọn đã gán"
"Tax rule was successfully saved","Quy tắc thuế đã được lưu"
"IP Address","Địa chỉ IP"
"Settings","Cài đặt"
"Queue Subject","Chủ đề hàng đợi"
"Add New Category","Thêm Loại hàng"
"Inactive","Không kích hoạt"
"Add New Customer","Thêm Khách hàng"
"Apply To Configurable/Grouped Product","Áp dụng cho Sản phẩm theo nhóm/cấu hình"
"Use In Layered Navigation<br/>(Can be used only with catalog input type 'Dropdown')","Dùng để điều hướng theo lớp <br> (Chỉ dùng được với kiểu nhập Catalog 'Thả xuống')"
"Customer was deleted","Khách hàng đã được xóa"
"Please fill in 'email' field.","Hãy điền vào trường 'email'."
"Qty Cancelled","Số lượng hủy bỏ"
"Sending","Gửi"
"Searchable on Front-end","Có thể tìm ở Mặt tiền"
"Duplicate","Sao lại"
"Wrong tab configuration","Cấu hình tab sai"
"Add New Page","Thêm Trang"
"Edit ""%s""","Sửa ""%s"""
"Submit Invoice","Gửi hóa đơn"
"Product duplicated","Sản phẩm sao lại"
"Delete Role","Xóa Vai trò"
"Identifier","Mã"
"Poll Answers","Kết quả thăm dò"
"Wishlists","Danh sách yêu thích"
"Last Url","Url cuối cùng"
"Edit Block '%s'","Sửa khối '%s'"
"Tax Rule Information","Thông tin Quy tắc thuế"
"Edit Class Details","Sửa chi tiết nhóm"
"Rule was successfully deleted","Quy tắc đã được xóa"
"Attribute Set","Bộ thuộc tính"
"Customer View","Hiển thị khách hàng"
"Sender Email","Email người gửi"
"Products Tags","Thẻ Sản phẩm"
"HTTP (unsecure)","HTTP (không an toàn)"
"Add Option","Thêm Tuỳ chọn"
"Shipping Price","Chi phí vận chuyển"
"Edit Website '%s'","Sửa trang web '%s'"
"Create New Customer","Tạo khách hàng mới"
"Edit Newsletter","Sửa thư báo"
"# of Uses","# lần dùng"
"Number of times deleted","Số lần đã xóa"
"Newsletter Finish","Hoàn tất thư báo"
"Closed","Đã đóng"
"Edit Page '%s'","Sửa trang '%s'"
"Product deleted","Sản phẩm đã xóa"
"Preview","Xem trước"
"Save Attribute Set","Lưu bộ thuộc tính"
"Store was successfully saved","Cửa hàng đã được lưu"
"You have not enought permissions to login.","Bạn không đủ quyền để đăng nhập."
"Product Attributes","Thuộc tính Sản phẩm"
"Return Html Version","Trở lại bản HTML"
"Save Order","Lưu đơn hàng"
"There are no Sản phẩm in customer's shopping cart at the moment","Hiện nay không có Sản phẩm nào trong Giỏ hàng của khách"
"Group Information","Thông tin nhóm"
"User Name","Tên người dùng"
"New Password","Mật mã mới"
"Average rating","Mức trung bình"
"New User","Người dùng mới"
"Active","Kích hoạt"
"You can not delete self assigned roles.","Bạn không thể xóa vai trò đã được gán."
"Invoice was successfully saved","Hóa đơn đã được lưu"
"Qty Ordered","Số lượng đặt"
"XML","XML"
"Send auto-generated password","Gửi mật mã sinh tự động"
"Order Information","Thông tin đơn hàng"
"List (default) / Grid","Danh sách (mặc định) / Lưới"
"Newsletter Received","Thư báo đã nhận"
"Queue Date Start","Ngày bắt đầu hàng đợi"
"SEF URL Identifier","Định danh SEF URL"
"Product SKU","Cơ số hàng"
"Grand Total","Tổng số"
"Selected problem subscribers successfully unsubscribed","Người đăng ký có vấn đề đã được thôi đăng ký "
"Category Products","Loại Sản phẩm"
"Action","Thao tác"
"Role Users","Người dùng vai trò"
"Date Closed","Ngày đóng"
"Are you sure? This order will be cancelled and a new one will be created instead","Bạn có chắc không? Đặt hàng này sẽ bị hủy và được thay bằng một cái khác"
"Sender Name","Tên người gửi"
"Approved","Đã chấp thuận"
"Save and Apply","Lưu và áp dụng"
"Product Tax Class","Nhóm thuế Sản phẩm"
"Block was succesfully deleted","Đã xóa khối xong"
"Products Report (Total)","Báo cáo Sản phẩm (Tổng)"
"Open","Mở"
"Any","Bất kỳ"
"Edit Store","Sửa cửa hàng"
"Added","Đã thêm"
"Configurable Product Settings","Cài đặt cấu hình cho Sản phẩm"
"Content","Nội dung"
"Role Name","Tên vai trò"
"Select All","Chọn tất cả"
"in","trong"
"Are you sure you want to take this action?","Bạn có muốn thực hiện thao tác này không?"
"Role Information","Thông tin vai trò"
"Options Control","Kiểm soát tuỳ chọn"
"Meta Keywords","Từ khóa Meta"
"Please select products to add","Hãy chọn Sản phẩm để thêm vào"
"Sender","Người gửi"
"Product","Sản phẩm"
"Tax Rules","Quy tắc thuế"
"Newsletter Start","Bắt đầu thư báo"
"Unable to find a block to delete","Không tìm thấy khối cần xóa"
"New Tax Rate","Thuế suất mới"
"Rating was successfully deleted","Đánh giá đã được xoá"
"Error during import: %s","Có lỗi khi nhập: %s"
"Delete Answer","Xóa Giải đáp"
"Edit Customer Groups","Sửa nhóm khách hàng"
"Please, select County","Hãy chọn Quốc gia"
"Customer Tags","Thẻ khách hàng"
"(eg: domain.com/identifier)","(ví dụ: domain.com/mã)"
"No search modules registered","Không có phân hệ tìm kiếm nào đã đăng ký"
"New Product Tax Class","Nhóm thuế Sản phẩm mới"
"Save Rule","Lưu quy tắc"
"Edit Sorting","Sửa thứ tự"
"The block you are trying to save no longer exists","Khối đang muốn lưu không còn tồn tại"
"Customers Report","Báo cáo khách hàng"
"Download","Tải xuống"
"Detail","Chi tiết"
"Created On","Được tạo ở"
"Category delete error","Lỗi xóa Loại hàng"
"review successfully deleted","Nhận xét đã được xoá"
"Root","Gốc"
"ID","Mã"
"Number of Responses","Số hồi đáp"
"Meta Description","Mô tả meta"
"Source Model","Mô hình nguồn"
"Unselect All Stores","Bỏ chọn mọi cửa hàng"
"Add New Group","Thêm Nhóm"
"Summary Rating","Tóm tắt Đánh giá"
"Rate","Mức"
"Yes","Có"
"Search Query","Truy vấn tìm kiếm"
"Template Information","Thông tin mẫu"
"Date Start","Ngày bắt đầu"
"Total","Tổng số"
"Price","Giá"
"Filterable (no results)","Có thể lọc (không kết quả)"
"Date Expire","Ngày hết hạn"
"Number Fulfilled","Số đã điền"
"New Category","Loại hàng mới"
"Save Rating","Lưu đánh giá"
"Delete Option","Xóa Tùy chọn"
"Save Invoice","Lưu hóa đơn"
"Unable to apply rules","Không thể áp dụng quy tắc"
"New Tag","Thẻ mới"
"User Email","Email người dùng"
"Based On","Dựa trên"
"Edit Customer's Address","Sửa địa chỉ khách hàng"
"New Order","Đơn hàng mới"
"Group Name","Tên nhóm"
"Tax Rate Information","Thông tin thuế suất"
"Queue Information","Thông tin hàng đợi"
"Guest","Khách"
"Varchar","Varchar"
"Number of results<br/>(For last time placed)","Số kết quả <br/> (Cho lần cuối cùng)"
"Add New Customer Group","Thêm Nhóm khách hàng"
"Product attribute was successfully deleted","Thuộc tính Sản phẩm đã được xóa"
"Unable to find answer to delete.","Không thấy Giải đáp cần xóa."
"Unable to find a tag to delete","Không tìm thấy thẻ cần xóa"
"Meta Data","Siêu dữ liệu"
"Save User","Lưu người dùng"
"Template Type","Kiểu mẫu"
"Invalid %s ""%s"" in the Row #%s","%s không hợp lệ ""%s"" tại dòng #%s"
"Reset","Xác lập lại"
"Hits","Lượt xem"
"Page was successfully deleted","Trang đã được xóa"
"Page Title","Tựa trang "
"User with the same User Name or Email aleady exists","Người dùng có cùng tên hoặc email đã tồn tại"
"Customers Tagged '%s'","Khách hàng gắn thẻ '%s'"
"Region/State","Vùng/Miền"
"Values Required","Giá trị bắt buộc"
"This order no longer exists","Đơn hàng này không tồn tại"
"Account status","Tình trạng tài khoản"
"Product Tags","Thẻ Sản phẩm"
"Item Status","Tình trạng Sản phẩm"
"Interface Language","Ngôn ngữ giao diện"
"Cancelled","Đã hủy bỏ"
"Position","Vị trí"
"Sản phẩm Ordered","Sản phẩm đã đặt"
"Rating was successfully saved","Đánh giá đã được lưu"
"New Product","Sản phẩm mới"
"Purchase On","Mua vào"
"Fiterable (with results)","Có thể lọc (với kết quả)"
"Password","Mật mã"
"Shipped to First Name","Vận chuyển - Tên"
"Catalog Input Type for Store Owner","Kiểu nhập Catalog cho chủ cửa hàng"
"Decimal Number","Số thập phân"
"Wishlist","Danh sách yêu thích"
"Create New Invoice","Tạo hóa đơn mới"
"Credit Memo was saved succesfully","Phiếu cấn trừ tiền đã được lưu"
"Tax Rates","Thuế suất"
"Submit Credit Memo","Gửi Phiếu cấn trừ"
"Unable to find a page to delete","Không tìm thấy trang cần xóa"
"Purchased from (store)","Mua từ (cửa hàng)"
"Added From","Thêm từ"
"Payment Method","Phương thức thanh toán"
"Poll was successfully saved","Thăm dò ý kiến đã được lưu"
"New Rating","Đánh giá mới"
"Delete Tier","Xóa Bậc"
"Telephone","Điện thoại"
"New Page","Trang mới"
"Error Text","Văn bản lỗi"
"Edit Rule '%s'","Sửa quy tắc '%s'"
"Page Information","Thông tin trang"
"Delete Page","Xóa Trang"
"There are no Sản phẩm in customer's wishlist at the moment","Hiện không có Sản phẩm nào trong Danh sách yêu thích của khách"
"This attribute no longer exists","Thuộc tính này không tồn tại"
"CMS Pages","Trang CMS"
"Attribute set was successfully removed.","Bộ thuộc tính đã được xóa."
"You successfully logged out.","Bạn đã thoát khỏi hệ thống."
"Total Tags","Tổng thẻ"
"Visibility","Thấy được"
"Edit Template","Sửa mẫu"
"Frontend Properties","Đặc tính Mặt tiền"
"Pending","Chưa giải quyết"
"Error while deleting a group. Please try again later.","Có lỗi khi xóa nhóm. Xin thử lại sau."
"Use website","Sử dụng web"
"No problems found","Không thấy vấn đề gì"
"Edit Store '%s'","Sửa cửa hàng '%s'"
"Delete Customer Group","Xóa Nhóm khách hàng"
"CMS Blocks","Khối CMS"
"Popular Tags","Thẻ phổ biến"
"Edit Page","Sửa trang"
"Edit Tax Rate","Sửa thuế suất"
"Set Name","Tên bộ"
"Tax class","Nhóm thuế"
"Add New Rule","Thêm Quy tắc"
"Uses per customer","Dùng trên mỗi khách"
"HTTPS (SSL)","HTTPS (SSL)"
"Template Content","Nội dung mẫu"
"Order was not cancelled","Đơn hàng chưa hủy bỏ"
"Invoice #%s","Hóa đơn #%s"
"Comparable on Front-end","Có thể so sánh ở Mặt tiền"
"Save Template","Lưu mẫu"
"Newsletter Subscription","Đăng ký thư báo"
"Delete User","Xóa Người dùng"
"Invalid Shipping Price ""%s"" in the Row #%s","Phí vận chuyển ""%s"" không hợp lệ tại hàng #%"
"Customers Tags","Thẻ khách hàng"
"Image","Hình"
"Subscribers From","Người đăng ký từ"
"Account Information","Thông tin tài khoản"
"Order status was successfully changed","Tình trạng đơn hàng đã được thay đổi"
"New Set Name","Tên bộ mới"
"Create Order","Tạo đơn hàng"
"Invoice was not saved","Hóa đơn chưa được lưu"
"Invoice was updated succesfully","Hóa đơn đã được cập nhật"
"Invoice #","Hóa đơn #"
"Static","Tĩnh"
"Date Updated","Ngày cập nhật"
"Tag use","Thẻ dùng"
"Order was successfully cancelled","Đơn đặt hàng đã được hủy bỏ"
"Message","Thông điệp"
"Subject","Chủ đề"
"Save Customer Group","Lưu nhóm khách hàng"
"This page no longer exists","Trang này không tồn tại"
"Search was successfully saved","Lệnh tìm kiếm đã được lưu"
"Rating information","Thông tin Đánh giá"
"Answer Title","Tựa Giải đáp"
"Order #%s (%s)","Đơn hàng #%s (%s)"
"No","Không"
"Edit Invoice #","Sửa hóa đơn #"
"Edit Attribute Set '{"this->_getSetData()->getAttributeSetName()}'","Sửa bộ thuộc tính '{"this->_getSetData()->getAttributeSetName()}'"
"All Products","Mọi Sản phẩm"
"Export CSV","Xuất ra CSV"
"Save And Resume","Lưu và tóm tắt"
"View Newsletter","Xem thư báo"
"To Date","Đặt ngày"
"Matching Products","Đối chiếu Sản phẩm"
"The page you are trying to save no longer exists","Trang bạn đang lưu không tồn tại"
"Save Class","Lưu nhóm"
"Edit %s Tax Class","Sửa Nhóm thuế %s"
"User description","Mô tả người dùng"
"Config","Cấu hình"
"Order Total","Tổng đơn hàng"
"Store","Cửa hàng"
"Please, select Customer Tax Class","Hãy chọn Nhóm thuế khách hàng"
"Error while saving this set. Set with the same name already exists.","Có lỗi khi lưu bộ này. Tập cùng tên đã tồn tại."
"Add New Role","Thêm Vai trò"
"Discount","Giảm giá"
"Unsubscribe Selected","Đã chọn Thôi đăng ký"
"Yes/No","Có/không"
"Edit Email Template","Soạn thảo Email mẫu"
"Visible In","Thấy ở"
"Manage Blocks","Quản lý khối"
"New Tax Rule","Quy tắc thuế mới"
"This block no longer exists","Khối này không còn nữa"
"Delete Attribute","Xóa Thuộc tính"
"Decimal","Thập phân"
"Edit System Template","Sửa mẫu hệ thống"
"Frontend Model","Mô hình Mặt tiền"
"Default Store","Cửa hàng mặc định"
"Detailed Rating","Đánh giá chi tiết"
"Save And Continue Edit","Lưu và tiếp tục soạn"
"Are you sure you want to do this?","Bạn có chắc muốn làm thế không?"
"Customer Tax Class","Nhóm thuế khách hàng"
"Feature Products","Sản phẩm đặc trưng"
"New review","Nhận xét mới"
"Number of Uses","Số lần sử dụng"
"Invalid Answer","Giải đáp không hợp lệ"
"Website Information","Thông tin trang web"
"Attribute set with the same name already exists.","bộ thuộc tính có cùng tên đã tồn tại."
"Searchable","Có thể tìm"
"Error while saving this role. Please try again later.","Có lỗi khi lưu vai trò. Hãy thử lại sau."
"Group was successfully deleted","Nhóm đã được xóa"
"Order was not changed","Đơn hàng chưa đổi"
"Per Item","Trên mỗi Sản phẩm"
"Edit Product Attribute","Sửa thuộc tính"
"System Properties","Tính năng hệ thống"
"County","Hạt"
"General Information","Thông tin khái quát"
"ex. http://domain.com","ví dụ http://miền.com"
"Manage Catalog Categories","Quản lý các loại Catalog"
"Wishlist vs. Regular Order","Danh sách yêu thích so với đơn hàng thường xuyên"
"New Template","Mẫu mới"
"Delete Website","Xóa Trang web"
"All stores","Mọi cửa hàng"
"Purchased On","Mua"
"Edit Order Status","Sửa tình trạng đơn hàng"
"Layout","Sơ đồ"
"Password Confirmation","Khẳng định mật mã"
"Tag was successfully deleted","Thẻ đã được xóa"
"Catalog Searches","Lệnh tìm Catalog"
"To","Đến"
"Error while deleting this role. Please try again later.","Có lỗi khi xóa vai trò này. Hãy thử lại sau."
"Select All Stores","Chọn mọi cửa hàng"
"Offline","Ngoại tuyến"
"Recently Viewed","Được xem gần đây"
"Description","Mô tả"
"Tax class was successfully deleted","Nhóm thuế đã được xóa"
"Are you sure?","Bạn có chắc?"
"Never","Không bao giờ"
"Block Information","Thông tin"
"Email","Email"
"Included Customer Groups","Nhóm khách hàng kèm theo"
"Disable","Vô hiệu"
"Delete Class","Xóa Lớp"
"Poll Information","Thông tin thăm dò"
"Create Newsletter Template","Tạo mẫu thư báo"
"Coupons","Phiếu mua hàng"
"Customer","Khách hàng"
"Last review","Xem xét cuối"
"Polls","Thăm dò"
"Edit","Sửa"
"Country","Quốc gia"
"Remove","Gỡ bỏ"
"Account successfully saved","Tài khoản đã được lưu"
"Days in Wishlist","Ngày trong Danh sách yêu thích"
"Page was successfully saved","Trang đã được lưu"
"Manage Product Sets","Quản lý bộ Sản phẩm"
"review Details","Xem xét Chi tiết"
"Add New Rating","Thêm Đánh giá"
"for","cho"
"You cannot update this attribute","Bạn không thể cập nhật mẫu này"
"Attribute Code","Mã thuộc tính"
"Add New Set","Thêm Bộ"
"Associated Products","Các Sản phẩm liên hệ"
"Edit Newsletter Template","Soạn thảo mẫu thư báo"
"There is already a customer registered using this email","Có một khách hàng đã đăng ký đang sử dụng email này"
"Processed","Đã xử lý"
"Credit Card Type","Loại thẻ tín dụng"
"Rating isn't Available","Không có Đánh giá nào"
"This tab contains invalid data. Please, solve the problem before saving.","Tab này chứa dữ liệu không hợp lệ. Xin hãy sửa trước khi lưu."
"Remove Item","Bỏ Sản phẩm"
"Subscribe to Newsletter","Đăng ký thư báo"
"Are you sure that you want to delete this template?","Bạn có chắc muốn xóa mẫu này không?"
"3 stars","3 sao"
"Order Date: %s","Ngày đặt hàng:%s"
"Number of times wishlists have been shared (emailed): %s","Số lần Danh sách yêu thích được chia sẻ (gửi email): %s"
"Double click on a group to rename it","Nhấp đúp vào nhóm để đổi tên"
"Total Due","Tổng thuế"
"Gift Certificate","Phiếu tặng quà"
"Assigned Answers","Giải đáp định sẵn"
"Fax","Fax"
"Magento Admin","Quản trị Magento"
"Newsletter Message Preview","Xem trước thông điệp thư báo"
"Name on the Card: %s","<strong>Tên trên thẻ:</strong> <span class=""nowrap"">%s</span>"
"4 stars","4 sao"
"Company","Công ty"
"Invoice Date","Ngày tạo hóa đơn"
"Visitors","Khách viếng thăm"
"5 stars","5 sao"
"Choose Store","Chọn cửa hàng"
"Import Tax Rates","Nhập thuế suất"
"Attribute Name:","Tên thuộc tính:"
"Product In Stores","Sản phẩm trong cửa hàng"
"Option Title:","Tên chọn lựa:"
"Order Status","Tình trạng đơn hàng"
"Shipping","Vận chuyển"
"Unassigned Attributes","Thuộc tính chưa gán"
"Sorry, this feature is coming soon...","Xin lỗi, chức năng này sắp có…"
"Option","Lựa chọn"
"Add User to Role","Gán người dùng vào vai trò"
"Invoice Status: %s","Tình trạng hóa đơn: %s"
"Magento Commerce - Administrative Panel","Bảng Quản trị"
"Fixed","Cố định"
"Name on the Card","Tên trên thẻ"
"Move Item to:","Chuyển đến:"
"Same as Billing Address","Giống địa chỉ thanh toán"
"Are you sure you want to cancel adding of this address?","Bạn có chắc muốn thôi không thêm địa chỉ này nữa không?"
"Interface Locale: %s","Ngôn ngữ giao diện: %s"
"Apply Coupon Code","Áp dụng mã phiếu mua hàng"
"Invoice Date: %s","Ngày tạo hóa đơn: %s"
"Expiration Date: %s","<strong>Ngày hết hạn:</strong> <span class=""nowrap"">%s</span>"
"per page","mỗi trang"
"Add New Class","Thêm Lớp"
"Super product attributes configuration","Cấu hình siêu thuộc tính Sản phẩm"
"Magento ver. %s","Magento bản %s"
"Who's Online","Ai đang trực tuyến"
"Previous page","Trang trước"
"Something went wrong...","Có trục trặc…"
"Lifetime Sales","Bán trọn đời"
"Default Billing Address","Địa chỉ thanh toán mặc định"
"Set root category for this store in the <a href=""%s"">configuration</a>","Định loại gốc cho cửa hàng này trong <a href=""%s"">cấu hình</a>"
"Set as Default Shipping Address","Đặt làm địa chỉ vận chuyển mặc định"
" and above."," và trên."
"Logged in as %s","Đăng nhập là %s"
"Failed","Thất bại"
"Are you sure that you want to delete this tag?","Bạn có chắc muốn xóa thẻ này không?"
"Option:","Tuỳ chọn:"
"Customers that have wishlist: %s%","Khách hàng có Danh sách yêu thích: %s%"
"Are you sure you want to delete this address?","Bạn có chắc muốn xóa địa chỉ này không?"
"Percentage","Phần trăm"
"Log in to Admin Panel","Đăng nhập vào Admin Panel"
"Thumbnail","Hình nhỏ"
"Please enter a new group name","Hãy nhập một tên nhóm mới"
"Backups Control","Kiểm soát Sao lưu"
"Add to Queue","Đưa vào hàng đợi"
"Number of Sản phẩm bought from a wishlist: %s","Số Sản phẩm mua từ một Danh sách yêu thích: %s"
"Newsletter Subscribers","Người đăng ký thư báo"
"Set as Default Billing Address","Đặt là địa chỉ thanh toán mặc định"
"Are you sure you want to delete it?","Bạn có chắc muốn xóa nó không?"
"We're in our typing table, coding away more features for Magento. Thank you for your patience.","Chúng tôi đang tiếp tục viết thêm chức năng cho Magento. Xin cảm ơn sự ủng hộ của bạn."
"User Name:","Người dùng:"
"Order Comment:","Bình luận đơn hàng:"
"Card Verification Number","Số xác minh thẻ"
"&copy; Copyright 2007 Varien. Magento is a trademark of Irubin Consulting Inc","&copy; Copyright 2007 <a href=""http://www.varien.com"" target=""varien-external"">Varien</a>. Magento là nhãn hiệu đã đăng ký của Irubin Consulting Inc"
"Default Shipping Address","Địa chỉ vận chuyển mặc định"
"Customer Balance","Cân đối khách hàng"
"Current Configuration Scope:","Phạm vi Cấu hình:"
"Please select one of each of the ratings above","Hãy chọn một trong các Đánh giá trên"
"Log Out","Thoát"
"Sorry, no quotes are available for this order at this time.","Xin lỗi, hiện không có báo giá nào cho đơn đặt hàng này."
"Customer has no addresses","Khách hàng không có địa chỉ"
"Comment","Bình luận"
"Loading...","Đang tải…"
"Credit Memo Date: %s","Ngày cấn trừ: %s"
"Price:","Giá:"
"Qty To Return","Số lượng trả về "
"New Customer Address","Địa chỉ khách hàng mới"
"Export to:","Xuất ra:"
"Images","Hình"
"Total Paid","Tổng Tiền trả"
"Credit Card Number: %s","<strong>Số thẻ tín dụng:</strong> <span class=""nowrap"">%s</span>"
"Update Qty","Cập nhật số lượng"
"Product Categories","Loại Sản phẩm"
"City","Tỉnh/thành"
"Sản phẩm Shipped","Sản phẩm đã chuyển"
"Select from existing customer addresses:","Chọn từ địa chỉ khách hàng hiện tại:"
"Please confirm site switching. All data that hasn't been saved will be lost.","Hãy xác nhận bạn muốn sang trang web khác. Mọi dữ liệu chưa lưu sẽ bị mất."
"Primary Billing Address","Địa chỉ thanh toán gốc"
"Order History","Theo dõi đặt hàng"
"Date and Time","Ngày giờ"
"Street Address","Địa chỉ"
"Are you sure you want to delete this category?","Bạn có chắc muốn xóa loại hàng này?"
"User Roles","Vai trò người dùng"
"Answer Title:","Tựa đề Giải đáp:"
"Customer Group: %s","Nhóm khách hàng: %s"
"Groups","Nhóm"
"Are you sure the you want to remove this item?","Bạn có chắc muốn xóa Sản phẩm này?"
"Number of wishlist conversions: %s","Số lần chuyển đổi Danh sách yêu thích: %s"
"Unable to complete request. Please try again later.","Không thể hoàn tất yêu cầu. Hãy thử lại sau."
"Global Record Search","Tìm toàn thể"
"Send Comment to the Customer","Gửi bình luận đến khách hàng"
"Sort Order","Thứ tự sắp xếp"
"Please select one or more attributes.","Hãy chọn một hoặc nhiều thuộc tính."
"Please add one or more options","Hãy thêm một hoặc nhiều lựa chọn"
"Connect with the Magento Community","Kết nối Cộng đồng Magento"
"Manage Options (values of your attribute)","Quản lý lựa chọn (giá trị của thuộc tính)"
"Add New Tax Rule","Thêm Quy tắc thuế"
"Are you sure you want to delete this user from this role?","Bạn có muốn xóa người này khỏi vai trò này không?"
"Help Us Keep Magento Healthy - Report All Bugs","Giúp Magento phát triển - <a href=""http://www.magentocommerce.com/bug-tracking"" target=""varien_external""><strong>Báo cáo Lỗi</strong></a>"
"Dashboard Control","Kiểm soát Bảng theo dõi"
"Credit Card Number","Số thẻ tín dụng"
"Total %d records found","Tổng cộng có %d mẫu tin"
"Sales Statistics","Thống kê bán hàng"
"Purchase Order Number","Số đơn mua hàng"
"Average Sale","Doanh số bán trung bình"
"Log into Magento Admin Page","Đăng nhập vào trang quản trị"
"Account Created in: %s","<strong>Tài khoản tạo ra trong:</strong> %s"
"Order Status: %s","Tình trạng đơn hàng: %s"
"Password:","Mật mã:"
"Personal Information","Thông tin cá nhân"
"Votes Count:","Đếm phiếu:"
"Next page","Trang tiếp"
"(Copy data from: %s)","(Chép dữ liệu từ: %s)"
"Export Tax Rates","Xuất Thuế suất"
"1 star","1 sao"
"Sản phẩm that you don't want to show in the catalog or search results should have status 'Disabled' in the desired store.","Sản phẩm bạn không muốn trưng bày trong Catalog hoặc kết quả tìm kiếm phải ở tình trạng 'Vô hiệu' trong cửa hàng đó."
"Add New Template","Thêm Mẫu"
"Change Order Status","Đổi tình trạng đơn hàng"
"Credit Card Type: %s","<strong>Loại thẻ tín dụng:</strong> <span class=""nowrap"">%s</span>"
"Add to Order","Thêm vào đơn hàng"
"What is this?","Cái gì đây?"
"Invoice Status: Paid","Tình trạng hóa đơn: đã trả tiền"
"Customer Addresses","Địa chỉ khách hàng "
"Purchase Order Number: %s","<strong>Số Đơn đặt hàng:</strong> <span class=""nowrap"">%s</span>"
"Expiration Date: %s/%s","Ngày hết hạn: %s/%s"
"Expiration Date","Ngày hết hạn"
"Last Log In: %s (%s)","<strong>Đăng nhập lần cuối:</strong> %s (<strong>%s</strong>)"
"Number of wishlists: %s","Số Danh sách yêu thích: %s"
"Big Image","Hình lớn"
"Tax Rates Import / Export","Nhập/xuất Thuế suất"
"Magento Logo","Logo Magento"
"A name is required","Cần có tên"
"images/logo.gif","images/logo.gif"
"Email Address","Địa chỉ Email"
"Email Preview","Xem Email"
"If you do not specify an option value for a store then the default value will be used.","Nếu bạn không xác lập giá trị lựa chọn cho cửa hàng thì giá trị mặc định sẽ được dùng."
"of %s pages","của %s trang"
"Account Created on: %s","<strong>Tài khoản tạo lúc:</strong> %s"
"Credit Card Number: xxxx-%s","<strong> Số thẻ tín dụng:</strong> <span class=""nowrap"">xxxx-%s</span>"
"Haven't been charged yet","Chưa thanh toán"
"Customer Notes","Ghi chú khách hàng"
"Login","Đăng nhập"
"Page","Trang"
"Add New Address","Thêm Địa chỉ"
"Are you sure that you want to strip all tags?","Bạn có muốn gỡ toàn bộ thẻ?"
"Magento &trade; is a registered Trademark of Irubin Consulting Inc. DBA Varien. &copy; Copyright 2007.","Magento &trade; là nhãn hiệu đã đăng ký của Irubin Consulting Inc. DBA <a href=""http://www.varien.com"" target=""varien_external"">Varien</a>. &copy; Copyright 2007."
"Roles Resources","Tài nguyên vai trò"
"Manage Titles (Size, Color, etc.)","Quản lý tựa đề (kích thước, màu sắc, …)"
"Are you sure that you want to strip tags?","Bạn có muốn gỡ thẻ?"
"Are you sure that you want to remove this item?","Bạn có muốn bỏ Sản phẩm này?"
"You cannot remove system attribute from this set.","Bạn không thể xóa thuộc tính hệ thống khỏi bộ này."
"This group contains system attributes. Please move system attributes to another group and try again.","Nhóm này chứa các thuộc tính hệ thống. Hãy chuyển các thuộc tính hệ thống sang nhóm khác và thử lại."
"The information in this tab has been changed.","Thông tin trong tab này đã bị thay đổi."
"Number of wishlist referrals: %s","Số Sản phẩm trong Danh sách yêu thích: %s"
"Today is %s","Hôm nay là %s"
"2 stars","2 sao"
"Shipments","Lô hàng"
"Terms and conditions","Điều khoản và điều kiện"
"Manage Tax Zones & Rates","Quản lý thuế và giá"
"Url Rewrite Management","Quản lý url rewrite"
"Reviews and Ratings","Nhận xét và bình chọn"
"Customer Reviews","Nhận xét của khách hàng"
"Pending Reviews","Nhận xét đang chờ kiểm duyệt"
"All Reviews","Tất cả các nhận xét"
"Manage Items","Quản lý các mục"
"Products Ordered","Sản phẩm đặt hàng"
"Compilation (Beta)","Biên dịch (bản beta)"
"Import/Export","Import/Export"
"Profiles","Hồ sơ"
"Advanced Profiles","Hồ sơ nâng cao"
"Design","Giao diện"
"Manage Currency Rates","Quản lý tiền tệ"
"Cache Management","Quản lý cache"
"Credit Memos","Lưu trữ tín dụng"
"Average Orders","Đơn hàng trung bình"
"Most Viewed Products","Sản phẩm được xem nhiều nhất"
"Search Term","Từ khóa được tìm kiếm"
"Amounts","Số tiền"
"Customers by orders total","Khách hàng có nhiều đơn hàng"
"Customers by number of orders","Khách hàng có nhiều sản phẩm trong đơn hàng"
"Customers Reviews","Khách hàng có nhiều nhận xét"
"Default country","Quốc gia mặc định"
"Allow countries","Cho phép các quốc gia"
"Countries options","Tùy chọn các quốc gia"
"Locale options","Tùy chọn đất nước"
"Timezone","Múi giờ"
"Locale","Đất nước"
"First Day of Week","Ngày đầu tuần"
"Weekend Days","Cuối tuần"
"Url Options","Tùy chọn Url"
"Search Engines Optimization","Công cụ tìm kiếm tối ưu"
"Default Pages","Trang mặc định"
"Currency Setup","Cài đặt tiền tệ"
"Default display currency","Tiền tệ mặc định"
"Allowed currencies","Cho phép tiền tệ của các quôc gia"
"Remove space from currency sign","Xóa khoảng trắng"
"Digits Options","Tùy chọn chữ số"
"Currency Options","Tùy chọn tiền tệ"
