" The customer doesn\'t exist in the system anymore"," The customer doesn\'t exist in the system anymore"
"(Absolute path or Relative to Magento install root, ex. var/export)","(Absolute path or Relative to Magento install root, ex. var/export)"
"(For US 2-letter state names)","(For US 2-letter state names)"
"(If left empty will be auto-generated)","(If left empty will be auto-generated)"
"(Leave empty for first spreadsheet)","(Leave empty for first spreadsheet)"
"(Products will be added/updated to this store if 'store' column is blank or missing in the import file.)","(Products will be added/updated to this store if 'store' column is blank or missing in the import file.)"
"(Starting with)","(Starting with)"
"(When 'No', only mapped fields will be imported. When mapping, use 'column1', 'column2', etc.)","(When 'No', only mapped fields will be imported. When mapping, use 'column1', 'column2', etc.)"
"(You have to increase php memory_limit before changing this value)","(You have to increase php memory_limit before changing this value)"
"(\\t for tab)","(\\t for tab)"
"-- Not Selected --","-- Not Selected --"
"-- Please Select --","-- Mơi bạn chọn --"
"-- Please select --","-- Mời bạn chọn --"
"-- Please Select Billing Agreement--","-- Please Select Billing Agreement--"
"-- Please select a category --","-- Mời bạn chọn --"
"--Please Select--","--Mời bạn chọn--"
"1 Hour","1 Gi&#7901;"
"12 Hours","12 Gi&#7901;"
"2 Hours","2 Gi&#7901;"
"24 Hours","24 Gi&#7901;"
"2YTD","Trong 2 n&#259;m qua"
"6 Hours","6 Gi&#7901;"
"<h1 class=""page-heading"">404 Error</h1><p>Kh&ocirc;ng t&igrave;m th&#7845;y trang n&agrave;y.</p>","<h1 class=""page-heading"">404 Error</h1><p>Page not found.</p>"
"<h1 class=""page-heading"">Access denied</h1><p>Access denied.</p>","<h1 class=""page-heading"">Access denied</h1><p>Access denied.</p>"
"A new password was sent to your email address. Please check your email and click Back to Login.","M&#7853;t kh&#7849;u m&#7899;i ch&uacute;ng t&ocirc;i &#273;&atilde; g&#7903;i qua email c&#7911;a b&#7841;n, m&#7901;i b&#7841;n ki&#7875;m tra v&agrave; ti&#7871;n h&agrave;nh &#273;&#259;ng nh&#7853;p l&#7841;i."
"API Stability","API Stability"
"API Version","API Version"
"API:","API:"
"Access Denied.","Truy c&#7853;p b&#7883; T&#7915; ch&#7889;i."
"Access Deny","T&#7915; ch&#7889;i truy c&#7853;p"
"Account Created in:","T&#7841;o t&agrave;i kho&#7843;n trong:"
"Account Created on:","T&#7841;o t&agrave;i kho&#7843;n tr&ecirc;n:"
"Account Information","Th&ocirc;ng tin t&agrave;i kho&#7843;n"
"Account status","Trang th&aacute;i t&agrave;i kho&#7843;n"
"Account successfully saved","S&#7917;a th&ocirc;ng tin t&agrave;i kho&#7843;n th&agrave;nh c&ocirc;ng"
"Action","Action"
"Actions","Actions"
"Actions XML","Actions XML"
"Active","Ho&#7841;t &#273;&#7897;ng"
"Add","Add"
"Add Exception","Add Exception"
"Add Field Mapping","Add Field Mapping"
"Add New Image","Th&ecirc;m h&igrave;nh"
"Add New Profile","Th&ecirc;m Profile"
"Add New Role","Th&ecirc;m nh&oacute;m"
"Add New Template","Th&ecirc;m v&agrave;o m&#7851;u m&#7899;i"
"Add New Urlrewrite","Add New Urlrewrite"
"Add New User","Th&ecirc;m User"
"Add Url Rewrite","Add Url Rewrite"
"Add after","Th&ecirc;m v&agrave;o sau khi"
"Add new Role","Th&ecirc;m v&agrave;o Role"
"Address Type:","Lo&#7841;i &#273;&#272;&#7883;a ch&#7881;:"
"Admin","Admin"
"Advanced Profiles","H&#7891; s&#417; th&agrave;nh vi&ecirc;n n&acirc;ng cao"
"Aggregate Order","T&#7893;ng h&#7907;p &#273;&#417;n h&agrave;ng"
"All","T&#7845;t c&#7843;"
"All Allowed Countries","Áp dụng cho tất cả các quốc gia"
"All Files","Tất cả files"
"All Store Views","T&#7845;t c&#7843; Store Views"
"All Tags","T&#7845;t c&#7843; Tags"
"All Websites","T&#7845;t c&#7843; Websites"
"All countries","Tất cả quốc gia"
"All fields","Tất cả fields"
"All possible rates were fetched, click on ""Save"" to apply","T&#7845;t c&#7843; c&aacute;c m&#7913;c gi&aacute; c&oacute; th&#7875; &#273;&#432;&#7907;c t&#7843;i xu&#7889;ng, b&#7845;m v&agrave;o &quot;&quot; L&#432;u &quot;&quot; &#273;&#7875; &aacute;p d&#7909;ng"
"All rates were fetched, click on ""Save"" to apply","T&#7845;t c&#7843; c&aacute;c m&#7913;c gi&aacute; c&oacute; th&#7875; &#273;&#432;&#7907;c t&#7843;i xu&#7889;ng, b&#7845;m v&agrave;o &quot;&quot; L&#432;u &quot;&quot; &#273;&#7875; &aacute;p d&#7909;ng"
"All valid rates successfully saved","T&#7845;t c&#7843; c&aacute;c m&#7913;c gi&aacute; h&#7907;p l&#7879; &#273;&atilde; l&#432;u th&agrave;nh c&ocirc;ng "
"Amounts","S&#7889; ti&#7873;n"
"Any","Một vài"
"Any Attribute Set","B&#7845;t k&#7923; thu&#7897;c t&iacute;nh thi&#7871;t l&#7853;p"
"Any Group","M&#7897;t v&agrave;i nh&oacute;m"
"Any Status","M&#7897;t v&agrave;i tr&#7841;ng th&aacute;i"
"Any Store","M&#7897;t v&agrave;i Store"
"Any Type","Any Type"
"Any Visibility","V&#7883; tr&iacute; hi&#7875;n th&#7883; s&#7843;n ph&#7849;m"
"Api Key","Api Key"
"Api Key Confirmation","Api Key Confirmation"
"Archive file name:","L&#432;u tr&#7919; t&ecirc;n t&#7853;p tin:"
"Are you sure that you want to delete this template?","B&#7841;n c&oacute; ch&#7855;c r&#7857;ng b&#7841;n mu&#7889;n xo&aacute; m&#7851;u n&agrave;y?"
"Are you sure that you want to strip tags?","B&#7841;n c&oacute; ch&#7855;c r&#7857;ng b&#7841;n mu&#7889;n g&#7905; th&#7867;?"
"Are you sure you want to do this?","B&#7841;n c&oacute; ch&#7855;c ch&#7855;n mu&#7889;n l&agrave;m &#273;i&#7873;u n&agrave;y?"
"Are you sure you wish to INSTALL all selected packages?","B&#7841;n c&oacute; ch&#7855;c b&#7841;n mu&#7889;n c&agrave;i &#273;&#7863;t t&#7845;t c&#7843; c&aacute;c g&oacute;i &#273;&#432;&#7907;c l&#7921;a ch&#7885;n ?"
"Are you sure you wish to UNINSTALL all selected packages?","B&#7841;n c&oacute; ch&#7855;c b&#7841;n mu&#7889;n c&agrave;i &#273;&#7863;t t&#7845;t c&#7843; c&aacute;c g&oacute;i &#273;&#432;&#7907;c l&#7921;a ch&#7885;n ?"
"Are you sure you wish to UPGRADE all selected packages?","B&#7841;n c&oacute; ch&#7855;c b&#7841;n mu&#7889;n c&agrave;i &#273;&#7863;t t&#7845;t c&#7843; c&aacute;c g&oacute;i &#273;&#432;&#7907;c l&#7921;a ch&#7885;n ?"
"Area","Area"
"Assigned","&#272;&#432;&#7907;c giao"
"Attribute Set Name:","&#272;&#7863;t t&ecirc;n thu&#7897;c t&iacute;nh:"
"Attribute set successfully saved.","Thu&#7897;c t&iacute;nh thi&#7871;t l&#7853;p  &#273;&atilde; l&#432;u th&agrave;nh c&ocirc;ng."
"Attribute set was successfully removed.","Thu&#7897;c t&iacute;nh &#273;&atilde; &#273;&#432;&#7907;c thi&#7871;t l&#7853;p xo&aacute; b&#7887; th&agrave;nh c&ocirc;ng."
"Available Version","Phi&ecirc;n b&#7843;n c&oacute; s&#7861;n"
"Average Order Amount","Trung b&igrave;nh s&#7889; ti&#7873;n &#273;&#7863;t h&agrave;ng"
"Average Orders","Trung b&igrave;nh &#273;&#417;n &#273;&#7863;t h&agrave;ng"
"Back","Quay l&#7841;i"
"Back to Login","Quay l&#7841;i trang &#273;&#259;ng nh&#7853;p"
"Back to local packages","Quay tr&#7903; l&#7841;i g&oacute;i &#273;&#7883;a ph&#432;&#417;ng"
"Backup","Backup"
"Backup record was deleted","D&#7919; li&#7879;u Backup &#273;&atilde; &#273;&#432;&#7907;c x&oacute;a"
"Backup successfully created","D&#7919; li&#7879;u Backup &#273;&atilde; &#273;&#432;&#7907;c t&#7841;o"
"Backups","Backups"
"Base currency","C&#417; s&#7903; ti&#7873;n t&#7879;"
"Bcc","Bcc"
"Bestsellers","B&aacute;n ch&#7841;y nh&#7845;t"
"Big Image","H&igrave;nh l&#7899;n"
"Billing Address","&#272;&#7883;a ch&#7881; thanh to&aacute;n"
"Billing address","&#272;&#7883;a ch&#7881; thanh to&aacute;n"
"Block Information","Th&ocirc;ng tin Block"
"Both (without and with tax)","Both (without and with tax)"
"Browse Available Extensions","Tr&igrave;nh duy&#7879;t c&oacute; s&#7861;n m&#7903; r&#7897;ng"
"Browse Available Remote Extensions","Browse Available Remote Extensions"
"Browse Files...","M&#7903; Files..."
"Bundle Items","M&#7909;c bundle"
"Bundle with dynamic pricing cannot include custom defined options. Options will not be saved.","Bundle t&ugrave;y bi&#7871;n  v&#7899;i gi&aacute; c&oacute; th&#7875; kh&ocirc;ng bao g&#7891;m c&aacute;c tu&#7923; ch&#7885;n tu&#7923; ch&#7881;nh &#273;&#432;&#7907;c x&aacute;c &#273;&#7883;nh. Tu&#7923; ch&#7885;n s&#7869; kh&ocirc;ng &#273;&#432;&#7907;c l&#432;u."
"CRITICAL","Quan tr&#7885;ng"
"CSV","CSV"
"CSV / Tab separated","CSV / Tab separated"
"Cache Management"," Qu&#7843;n l&yacute; Cache"
"Can not add new comment.","B&#7841;n kh&ocirc;ng th&#7875; th&ecirc;m l&#7901;i b&igrave;nh."
"Can not add tracking number.","Kh&ocirc;ng th&#7875; th&ecirc;m s&#7889; theo d&otilde;i."
"Can not delete tracking number.","C&oacute; th&#7875; kh&ocirc;ng xo&aacute; s&#7889; theo d&otilde;i."
"Can not do credit memo for order","Can not do credit memo for order"
"Can not do invoice for order","Kh&ocirc;ng th&#7875; l&agrave;m cho h&oacute;a &#273;&#417;n &#273;&#7863;t h&agrave;ng"
"Can not do shipment for order.","Kh&ocirc;ng th&#7875; l&agrave;m cho l&ocirc; h&agrave;ng theo &#273;&#417;n h&agrave;ng n&agrave;y."
"Can not initialize shipment for adding tracking number.","Kh&ocirc;ng th&#7875; kh&#7903;i t&#7841;o th&ecirc;m s&#7889; theo d&otilde;i cho c&aacute;c l&ocirc; h&agrave;ng."
"Can not initialize shipment for delete tracking number.","C&oacute; th&#7875; kh&#7903;i t&#7841;o th&ecirc;m s&#7889; theo d&otilde;i cho c&aacute;c l&ocirc; h&agrave;ng."
"Can not load track with retrieving identifier.","C&oacute; th&#7875; kh&ocirc;ng &#273;&#432;&#7907;c n&#7841;p theo d&otilde;i v&#7899;i l&#7845;y &#273;&#7883;nh danh."
"Can not retrieve tracking number detail.","C&oacute; th&#7875; kh&ocirc;ng truy theo chi ti&#7871;t s&#7889; theo d&otilde;i."
"Can not save credit memo","Can not save credit memo"
"Can not save invoice","Kh&ocirc;ng th&#7875; l&#432;u h&oacute;a &#273;&#417;n n&agrave;y"
"Can not save shipment.","Can not save shipment."
"Can not send shipment information.","Kh&ocirc;ng th&#7875; g&#7917;i th&ocirc;ng tin l&ocirc; h&agrave;ng."
"Can not update item qty","Kh&ocirc;ng th&#7875; c&#7853;p nh&#7853;t s&#7889; l&#432;&#7907;ng m&#7863;t h&agrave;ng"
"Can't delete design change","Can't delete design change"
"Can\'t find email address.","Can\'t find email address."
"Card Verification Number","Card Verification Number"
"Catalog","Nh&oacute;m h&agrave;ng"
"Catalog Rewrites","M&atilde; h&oacute;a link cho nh&oacute;m s&#7843;n ph&#7849;m"
"Catalog Rewrites was refreshed succesfuly","Catalog Rewrites was refreshed succesfuly"
"Category","Nh&oacute;m h&agrave;ng"
"New Root Category", "Tạo nhóm chính"
"Add Root Category","Tạo nhóm chính"
"Add Subcategory", "T&#7841;o nh&oacute;m con"
"Display Settings","T&ugrave;y ch&#7881;nh hi&#7875;n th&#7883;"
"Is Active", "Hi&#7879;u l&#7921;c"
"Changelog","Changelog"
"Channel","Channel"
"Channel:","Channel:"
"Checkbox","Checkbox"
"Choose Store View","Ch&#7885;n ng&ocirc;n ng&#7919;"
"Choose an attribute","Ch&#7885;n m&#7897;t thu&#7897;c t&iacute;nh"
"Clear","Clear"
"Comment text field can not be empty.","B&igrave;nh lu&#7853;n tr&#432;&#7901;ng v&#259;n b&#7843;n c&oacute; th&#7875; kh&ocirc;ng &#273;&#432;&#7907;c tr&#7889;ng r&#7895;ng."
"Comments History","L&#7883;ch s&#7917; C&aacute;c &yacute; ki&#7871;n"
"Complete","Complete"
"Configuration","C&#7845;u h&igrave;nh"
"Configuration successfully saved","C&#7845;u h&igrave;nh &#273;&#432;&#7907;c l&#432;u th&agrave;nh c&ocirc;nged"
"Confirmed email:","X&aacute;c nh&#7853;n email:"
"Conflicts","Xung &#273;&#7897;t"
"Connect with the Magento Community","Connect with the aiSHOP Community"
"Contents","Contents"
"Convert to Plain Text","Chuy&#7875;n &#273;&#7893;i v&#259;n b&#7843;n g&#7889;c"
"Cookie (Unsafe)","Cookie (Unsafe)"
"Country","Qu&#7889;c gia"
"Country:","Qu&#7889;c gia:"
"Coupon Code","M&atilde; s&#7889; phi&#7871;u gi&#7843;m gi&aacute;"
"Coupons","Phi&#7871;u gi&#7843;m gi&aacute;"
"Create","T&#7841;o m&#7899;i"
"Create Extension Package","T&#7841;o m&#7903; r&#7897;ng tr&#7885;n g&oacute;i"
"Create New Attribute","T&#7841;o  thu&#7897;c t&iacute;nh m&#7899;i"
"Create Urlrewrite for","Create Urlrewrite for"
"Created At","T&#7841;o T&#7841;i"
"Credit Card Number","S&#7889; th&#7867; t&iacute;n d&#7909;ng"
"Credit Card Number: xxxx-%s","S&#7889; th&#7867; t&iacute;n d&#7909;ng: xxxx-%s"
"Credit Card Type","Lo&#7841;i th&#7867; t&iacute;n d&#7909;ng"
"Credit Card Type: %s","Lo&#7841;i th&#7867; t&iacute;n d&#7909;ng: %s"
"Credit Memo #%s comment added","Credit Memo #%s comment added"
"Credit Memo #%s created","Credit Memo #%s created"
"Credit Memo History","Credit Memo History"
"Credit Memo Totals","Credit Memo Totals"
"Credit Memo cancel error.","Credit Memo cancel error."
"Credit Memo total must be positive.","Credit Memo total must be positive."
"Credit Memo void error","Credit Memo void error"
"Credit Memo was successfully canceled.","Credit Memo was successfully canceled."
"Credit Memo was successfully created","Credit Memo was successfully created"
"Credit Memo was successfully voided","Credit Memo was successfully voided"
"Currency","Ngo&#7841;i t&#7879;"
"Currency Information","Th&ocirc;ng tin ngo&#7841;i t&#7879;"
"Current Configuration Scope:","Ph&#7841;m vi c&#7845;u h&igrave;nh hi&#7879;n t&#7841;i:"
"Current Release Information","Ra m&#7855;t th&ocirc;ng tin hi&#7879;n th&#7901;i"
"Custom","T&ugrave;y ch&#7885;n"
"Customer","Kh&aacute;ch h&agrave;ng"
"Customer Group:","Nh&oacute;m kh&aacute;ch h&agrave;ng:"
"Customer Name","T&ecirc;n nh&oacute;m"
"Customer Since:","K&#7875; t&#7915; kh&aacute;ch h&agrave;ng:"
"Customer was deleted","Kh&aacute;ch h&agrave;ng &#273;&atilde; &#273;&#432;&#7907;c x&oacute;a"
"Customer was successfully saved","Kh&aacute;ch h&agrave;ng &#273;&atilde; &#273;&#432;&#7907;c l&#432;u l&#7841;i"
"Customer with the same email already exists.","Kh&aacute;ch h&agrave;ng v&#7899;i c&ugrave;ng m&#7897;t email &#273;&atilde; t&#7891;n t&#7841;i."
"Customers","Kh&aacute;ch h&agrave;ng"
"Dashboard","B&#7843;ng &#273;i&#7873;u khi&#7875;n"
"Data Format","C&#7845;u h&igrave;nh th&#7901;i gian"
"Data transfer:","Data transfer:"
"Date","Date"
"Date & Time","Date & Time"
"Date Added","Ng&agrave;y vi&#7871;t"
"Date Updated","Ng&agrave;y c&#7853;p nh&#7853;t"
"Date selector","Date selector"
"Date:","Ng&agrave;y:"
"Decimal separator:","T&aacute;ch s&#7889; l&#7867;:"
"Default (Admin) Values","Default (Admin) Values"
"Default Config","C&#7845;u h&igrave;nh chu&#7849;n"
"Default Template from Locale","M&#7863;c &#273;&#7883;nh m&#7851;u t&#7915; &#273;&#7883;a ph&#432;&#417;ng"
"Default Values","Gi&aacute; tr&#7883; m&#7863;c &#273;&#7883;nh"
"Default scope","Ph&#7841;m vi m&#7863;c &#273;&#7883;nh"
"Delete","X&oacute;a"
"Delete Profile","X&oacute;a Profile"
"Delete Role","X&oacute;a Role"
"Delete Sitemap","X&oacute;a Sitemap"
"Delete Store View","X&oacute;a Store View"
"Delete Template","X&oacute;a Template"
"Delete Url","X&oacute;a Url"
"Delete User","X&oacute;a User"
"Delete Website","X&oacute;a Website"
"Dependencies","Ph&#7909; thu&#7897;c"
"Description","Th&ocirc;ng tin chi ti&#7871;t"
"Description:","Th&ocirc;ng tin chi ti&#7871;t:"
"Design","Thi&#7871;t k&#7871; hi&#7875;n th&#7883;"
"Design change deleted","Thi&#7871;t k&#7871; thay &#273;&#7893;i &#273;&atilde; b&#7883; x&oacute;a"
"Design change saved","Thi&#7871;t k&#7871; thay &#273;&#7893;i &#273;&atilde; &#273;&#432;&#7907;c l&#432;u"
"Direction:","H&#432;&#7899;ng:"
"Disable","Disable"
"Disabled","Disabled"
"Discount Amount","S&#7889; l&#432;&#7907;ng gi&#7843;m gi&aacute;"
"Display default currency","Hi&#7875;n th&#7883;  ti&#7873;n t&#7879; m&#7863;c &#273;&#7883;nh"
"Done By:","Th&#7921;c hi&#7879;n b&#7903;i:"
"Done by:","Th&#7921;c hi&#7879;n b&#7903;i:"
"Download Remote File","Download Remote File"
"Download and Install","Download and Install"
"Downloading and installing $pkg, please wait...","Downloading and installing $pkg, please wait..."
"Drop-down","Th&#7843; xu&#7889;ng"
"Display Mode","Dạng hiển thị"
"Edit","Sửa"
"Edit Email Template","Sửa giao diện Email"
"Edit Poll","Edit Poll"
"Edit Role","S&#7917;a nh&oacute;m"
"Edit Store View","Edit Store View"
"Edit System Template","Edit System Template"
"Edit Tag","Edit Tag"
"Edit Template","Edit Template"
"Edit Url","Edit Url"
"Edit Url #%s","Edit Url #%s"
"Edit User","Edit User"
"Edit User '%s'","Edit User '%s'"
"Edit Website","Edit Website"
"Email","Email"
"Email Address:","Email Address:"
"Email Preview","Email Preview"
"Email address is empty.","&#272;&#7883;a ch&#7881; Email kh&ocirc;ng &#273;&#432;&#7907;c b&#7887; qua."
"Email:","Email:"
"Enable","Enable"
"Enabled","Enabled"
"Enclose Values In:","Enclose Values In:"
"Entity Type","Lo&#7841;i h&igrave;nh t&#7893; ch&#7913;c"
"Entity type:","Lo&#7841;i h&igrave;nh t&#7893; ch&#7913;c:"
"Error uploading the file","L&#7895;i t&#7843;i l&ecirc;n t&#7853;p tin"
"Error while cleared Image cache. Please try again later","L&#7895;i trong khi xo&aacute; h&igrave;nh &#7843;nh b&#7897; nh&#7899; cache. Xin vui l&ograve;ng th&#7917; l&#7841;i sau"
"Error while create backup. Please try again later","L&#7895;i trong khi Backup. Xin vui l&ograve;ng th&#7917; l&#7841;i sau"
"Error while deleting this role. Please try again later.","L&#7895;i trong khi xo&aacute; vai tr&ograve; n&agrave;y. Xin vui l&ograve;ng th&#7917; l&#7841;i sau."
"Error while deleting this set.","L&#7895;i trong khi xo&aacute;."
"Error while finished process. Please refresh cache","L&#7895;i trong khi k&#7871;t th&uacute;c qu&aacute; tr&igrave;nh. Xin vui l&ograve;ng l&agrave;m m&#7899;i b&#7897; nh&#7899; cache"
"Error while refreshed Catalog Rewrites. Please try again later","L&#7895;i trong khi l&agrave;m m&#7899;i S&#7843;n ph&#7849;m &#273;&#432;&#7907;c ghi &#273;&egrave;. Xin vui l&ograve;ng th&#7917; l&#7841;i sau"
"Error while refreshed Layered Navigation Indices. Please try again later","L&#7895;i trong khi l&agrave;m m&#7899;i ch&#7881; Layered Danh m&#7909;c ch&iacute;nh. Xin vui l&ograve;ng th&#7917; l&#7841;i sau"
"Error while saving account. Please try again later","L&#7895;i trong khi l&#432;u t&agrave;i kho&#7843;n. Xin vui l&ograve;ng th&#7917; l&#7841;i sau"
"Error while saving this configuration: ","L&#7895;i khi l&#432;u c&#7845;u h&igrave;nh n&agrave;y: "
"Error while saving this role. Please try again later.","&#7895;i trong khi l&#432;u role. Xin vui l&ograve;ng th&#7917; l&#7841;i sau."
"Error while updating selected review(s). Please try again later.","L&#7895;i trong khi c&#7853;p nh&#7853;t th&ocirc;ng tin review &#273;&#432;&#7907;c ch&#7885;n. Xin vui l&ograve;ng th&#7917; l&#7841;i sau."
"Exclude","Lo&#7841;i tr&#7915;"
"Exclude (comma separated)","Lo&#7841;i tr&#7915; (t&aacute;ch bi&#7879;t b&#7857;ng d&#7845;u ph&#7849;y)"
"Expiration Date","Ng&agrave;y h&#7871;t h&#7841;n"
"Expiration Date: %s/%s","Ng&agrave;y h&#7871;t h&#7841;ne: %s/%s"
"Export","K&#7871;t xu&#7845;t"
"Export CSV","K&#7871;t xu&#7845;t ra CSV"
"Export Filters","L&#7885;c k&#7871;t xu&#7845;t"
"Export to:","Export to:"
"Export:","Export:"
"Extension","Extension"
"Extension Name","Extension Name"
"Extensions","Extensions"
"FTP Host[:Port]","FTP Host[:Port]"
"Field","Field"
"Field Mapping","Field Mapping"
"File","File"
"File %s.ser could not be read","File %s.ser could not be read"
"File Information","Th&ocirc;ng tin file"
"File name:","File name:"
"File size should be more than 0 bytes","File size should be more than 0 bytes"
"Final Price","Final Price"
"Finished profile execution.","Finished profile execution."
"First Name","T&ecirc;n"
"First Name:","T&ecirc;n:"
"Firstname","T&ecirc;n"
"Fixed","Fixed"
"Forgot your password?","T&igrave;m l&#7841;i m&#7853;t kh&#7849;u?"
"Forgot your user name or password?","T&igrave;m l&#7841;i t&ecirc;n hay m&#7853;t kh&#7849;u?"
"From","T&#7915;"
"Gb","Gb"
"General Information","Th&ocirc;ng tin chung"
"Get Image Base64","Get Image Base64"
"Get help for this page","Nh&#7901; gi&uacute;p &#273;&#7905; cho trang n&agrave;y"
"Global Attribute","Thu&#7897;c t&iacute;nh to&agrave;n c&#7847;u"
"Global Record Search","T&igrave;m ki&#7871;m to&agrave;n c&#7847;u"
"Grand Total","T&#7893;ng ti&#7873;n"
"Grid (default) / List","Grid (m&#7863;c &#273;&#7883;nh) / List"
"Grid only","Grid only"
"Group:","Group:"
"Guest","Guest"
"HTTP (unsecure)","HTTP (unsecure)"
"HTTPS (SSL)","HTTPS (SSL)"
"Help Us Keep Magento Healthy - Report All Bugs","Ch&uacute;ng t&ocirc;i tr&#7907; gi&uacute;p k&#7929; thu&#7853;t li&ecirc;n t&#7909;c- Th&ocirc;ng b&aacute;o cho t&#7845;t c&#7843; c&aacute;c l&#7895;i"
"Home","Home"
"ID","ID"
"ID Path","ID Path"
"IP Address","IP Address"
"Ignore","Ignore"
"Image cache was cleared succesfuly","Cache h&igrave;nh &#7843;nh &#273;&atilde; &#273;&#432;&#7907;c xo&aacute; th&agrave;nh c&ocirc;ng"
"Images","Images"
"Images (.gif, .jpg, .png)","Images (.gif, .jpg, .png)"
"Images Cache","Cache h&igrave;nh &#7843;nh"
"Import","Import"
"Import Service","Import Service"
"Import/Export","Import/Export"
"Import/Export Advanced","Import/Export Advanced"
"Import/Export Profile","Import/Export Profile"
"Imported <strong>%s</strong> records","Imported <strong>%s</strong> records"
"In","In"
"In Database:","Trong c&#417; s&#7903; d&#7919; li&#7879;u:"
"In File:","File trong:"
"Inactive","Kh&ocirc;ng ho&#7841;t &#273;&#7897;ng"
"Incl. Tax","Bao g&#7891;m. Thu&#7871;"
"Include","Bao g&#7891;m"
"Incoming Message","Incoming Message"
"Individual Item","Kho&#7843;n c&aacute; nh&acirc;n"
"Install","Install"
"Install Package File","Install Package File"
"Installed As","Installed As"
"Installed Extension Info","Installed Extension Info"
"Installed Version","Installed Version"
"Installing $pkg, please wait...","Installing $pkg, please wait..."
"Installing selected packages, please wait...","Ch&#7885;n c&agrave;i &#273;&#7863;t ph&#7847;n m&#7873;m, xin vui l&ograve;ng ch&#7901; &#273;&#7907;i..."
"Instant Payment Notification (IPN)","Instant Payment Notification (IPN)"
"Interactive","T&#432;&#417;ng t&aacute;c"
"Interface Locale: %s","Interface Locale: %s"
"Invalid Import Service Specified","Import kh&ocirc;ng h&#7907;p l&#7879;"
"Invalid URL","URL kh&ocirc;ng h&#7907;p l&#7879;"
"Invalid Username or Password.","T&ecirc;n ng&#432;&#7901;i d&ugrave;ng ho&#7863;c m&#7853;t kh&#7849;u kh&ocirc;ng h&#7907;p l&#7879;."
"Invalid directory: %s","Th&#432; m&#7909;c kh&ocirc;ng h&#7907;p l&#7879;: %s"
"Invalid file: %s","File kh&ocirc;ng h&#7907;p l&#7879;: %s"
"Invalid input data for %s => %s rate","Kh&ocirc;ng h&#7907;p l&#7879; d&#7919; li&#7879;u &#273;&#7847;u v&agrave;o cho %s => %s rate"
"Invalid input:","&#272;&#7847;u v&agrave;o kh&ocirc;ng h&#7907;p l&#7879;:"
"Invalid parrent block for this block","Invalid parrent block for this block"
"Invalid section value","Ph&#7847;n gi&aacute; tr&#7883; kh&ocirc;ng h&#7907;p l&#7879;"
"Invalid store value","Invalid store value"
"Invalid website value","Invalid website value"
"Invoice #%s comment added","Invoice #%s comment added"
"Invoice #%s created","Invoice #%s created"
"Invoice History","Invoice History"
"Invoice Totals","T&#7893;ng h&oacute;a &#273;&#417;n"
"Invoice and shipment was successfully created.","H&oacute;a &#273;&#417;n v&agrave; l&ocirc; h&agrave;ng &#273;&atilde; t&#7841;o th&agrave;nh c&ocirc;ng."
"Invoice cancel error.","H&oacute;a &#273;&#417;n h&#7911;y b&#7887; l&#7895;i."
"Invoice capture error","H&oacute;a &#273;&#417;n ch&#7909;p l&#7895;i"
"Invoice void error","Invoice void error"
"Invoice was successfully canceled.","H&oacute;a &#273;&#417;n &#273;&atilde; &#273;&#432;&#7907;c h&#7911;y."
"Invoice was successfully captured","H&oacute;a &#273;&#417;n &#273;&atilde; &#273;&#432;&#7907;c ch&#7909;p"
"Invoice was successfully created.","H&oacute;a &#273;&#417;n &#273;&atilde; &#273;&#432;&#7907;c t&#7841;o th&agrave;nh c&ocirc;ng."
"Invoice was successfully voided","Invoice was successfully voided"
"Issue Number","S&#7889; v&#7845;n &#273;&#7873;"
"Issuer: %s","Issuer: %s"
"Items","M&#7863;t h&agrave;ng"
"Kb","Kb"
"Last 24 hours","Trong 24 gi&#7901; qua"
"Last 5 Orders","5 &#272;&#417;n h&agrave;ng m&#7899;i"
"Last 5 Search Terms","5 T&#7915; kh&oacute;a m&#7899;i nh&#7845;t"
"Last 7 days","Trong 7 ng&agrave;y qua"
"Last Logged In:","&#272;&#259;ng nh&#7853;p l&#7847;n cu&#7889;i l&uacute;c:"
"Last Month","Trang th&aacute;ng qua"
"Last Name","T&ecirc;n g&#7885;i"
"Last Name:","T&ecirc;n g&#7885;i:"
"Lastname","T&ecirc;n g&#7885;i"
"Latest Message:","Latest Message:"
"Layered Navigation Indices","Layered Navigation Indices"
"Layered Navigation Indices was refreshed succesfuly","Layered Navigation Indices was refreshed succesfuly"
"Level","Level"
"License","License"
"License URI","License URI"
"License:","License:"
"Lifetime Sales","S&#7843;n ph&#7849;m y&ecirc;u th&iacute;ch"
"List (default) / Grid","List (default) / Grid"
"List only","List only"
"Load","Load"
"Load Template","Load Template"
"Load default template","T&#7843;i m&#7851;u m&#7863;c &#273;&#7883;nh"
"Load previously created custom local package information","Load previously created custom local package information"
"Loading...","&#272;ang t&#7843;i d&#7919; li&#7879;u..."
"Local Server","Local Server"
"Local/Remote Server","Local/Remote Server"
"Locale","Locale"
"Log Out","Tho&aacute;t"
"Log in to Admin Panel","&#272;&#259;ng nh&#7853;p v&agrave;o Admin Panel"
"Log into Magento Admin Page","Log into aiSHOP Admin Page"
"Logged in as %s","B&#7841;n &#273;&#259;ng nh&#7853;p b&#7857;ng %s"
"Login","&#272;&#259;ng nh&#7853;p"
"MAJOR","MAJOR"
"MINOR","MINOR"
"MS Excel XML","MS Excel XML"
"Magento Admin","aiSHOP Admin"
"Magento Commerce - Administrative Panel","aiSHOP Commerce - Administrative Panel"
"Magento Connect","aiSHOP Connect"
"Magento Connect Manager","aiSHOP Connect Manager"
"Magento Logo","aiSHOP Logo"
"Magento is a trademark of Irubin Consulting Inc. DBA Varien. Copyright &copy; %s Irubin Consulting Inc.","Copyright &copy; %s AICC co., Ltd."
"aiSHOP ver. %s","aiSHOP ver. %s"
"Magento&trade; is a trademark of Irubin Consulting Inc. DBA Varien.<br/>Copyright &copy; %s Irubin Consulting Inc.","Copyright &copy; %s AICC co., Ltd."
"Maintainers","Maintainers"
"Manage Currency Rates","Qu&#7843;n l&yacute; c&aacute;c lo&#7841;i ti&#7873;n t&#7879; Gi&aacute; Gi&#7843;m"
"Manage Customers","Qu&#7843;n l&yacute; kh&aacute;ch h&agrave;ng"
"Manage Installed Extensions","Qu&#7843;n l&yacute; c&aacute;c c&agrave;i &#273;&#7863;t m&#7903; r&#7897;ng"
"Manage Ratings","Qu&#7843;n l&yacute; Ratings"
"Manage Stores","Qu&#7843;n l&yacute; Stores"
"Matched expression","Ph&ugrave; h&#7907;p v&#7899;i ng&ocirc;n lu&#7853;n"
"Max","Nhi&#7873;u"
"Maximum","Nhi&#7873;u nh&#7845;t"
"Mb","Mb"
"Media (.avi, .flv, .swf)","Media (.avi, .flv, .swf)"
"Messages Inbox","B&#7841;n c&oacute; th&#432;"
"Min","Th&#7845;p"
"Minimum","Th&#7845;p nh&#7845;t"
"Most Viewed Products","S&#7843;n ph&#7849;m &#273;&#432;&#7907;c xem nhi&#7873;u nh&#7845;t"
"Multiple Select","Ch&#7885;n nhi&#7873;u"
"My Account","Qu&#7843;n l&yacute; t&agrave;i kho&#7843;n"
"N/A","N/A"
"NOTICE","TH&Ocirc;NG B&Aacute;O"
"Name","T&ecirc;n"
"Name on Card","Name on Card"
"Name on the Card: %s","Name on the Card: %s"
"Name:","T&ecirc;n:"
"New Accounts","T&agrave;i kho&#7843;n m&#7899;i"
"New Api Key","New Api Key"
"New Customers","Kh&aacute;ch h&agrave;ng m&#7899;i"
"New Email Template","New Email Template"
"New Extension","New Extension"
"New Password","M&#7853;t kh&#7849;u m&#7899;i"
"New Profile","New Profile"
"New Store View","New Store View"
"New System Template","New System Template"
"New Tag","New Tag"
"New Template","New Template"
"New Url","New Url"
"New User","New User"
"New Website","New Website"
"New admin password","New admin password"
"Next page","Trang k&#7871;"
"No","Không"
"No (price without tax)","Kh&ocirc;ng c&oacute; (gi&aacute; m&agrave; kh&ocirc;ng c&oacute; thu&#7871;)"
"No Data Found","Kh&ocirc;ng t&igrave;m th&#7845;y d&#7919; li&#7879;u"
"No Extensions Found","Kh&ocirc;ng c&oacute; m&#7903; r&#7897;ng &#273;&#432;&#7907;c t&igrave;m th&#7845;y"
"No Templates Found","Kh&ocirc;ng c&oacute; m&#7851;u &#273;&#432;&#7907;c t&igrave;m th&#7845;y"
"No profile","Kh&ocirc;ng c&oacute; h&#7891; s&#417;"
"No profile loaded...","Kh&ocirc;ng c&oacute; h&#7891; s&#417; n&#7841;p..."
"No records found for this period.","Kh&ocirc;ng c&oacute; h&#7891; s&#417; cho kho&#7843;ng th&#7901;i gian n&agrave;y &#273;&#432;&#7907;c t&igrave;m th&#7845;y."
"No records found.","Kh&ocirc;ng c&oacute; m&#7851;u tin &#273;&#432;&#7907;c t&igrave;m th&#7845;y."
"No search keywords.","Kh&ocirc;ng c&oacute; t&#7915; kh&oacute;a t&igrave;m ki&#7871;m."
"No search modules registered","Kh&ocirc;ng c&oacute; m&ocirc;-&#273;un, &#273;&#259;ng k&yacute; t&igrave;m ki&#7871;m"
"None","None"
"Notes","Ghi ch&uacute;"
"Notes:","Ghi ch&uacute;:"
"Number of Orders","Number of Orders"
"Number of Use","S&#7889; S&#7917; d&#7909;ng"
"Number of Uses","S&#7889; S&#7917; d&#7909;ng"
"Number of records:","S&#7889; h&#7891; s&#417;:"
"Old rate:","T&#7927; l&#7879; c&#361;:"
"One of options row has error","M&#7897;t trong nh&#7919;ng l&#7921;a ch&#7885;n h&agrave;ng c&oacute; l&#7895;i"
"Only attributes with scope ""Global"", input type ""Dropdown"" and Use To Create Configurable Product ""Yes"" are available.","Ch&#7881; thu&#7897;c t&iacute;nh v&#7899;i ph&#7841;m vi &quot;&quot; to&agrave;n c&#7847;u &quot;&quot;, &#273;&#7847;u v&agrave;o lo&#7841;i &quot;&quot; dropdown &quot;&quot;  S&#7917; d&#7909;ng v&agrave; &#272;&#7875; T&#7841;o Configurable S&#7843;n ph&#7849;m &quot;&quot; C&oacute; &quot;&quot; &#273;ang c&oacute; s&#7861;n."
"Only mapped fields","Ch&#7881; nh&#7919;ng fields &#273;&#432;&#7907;c &aacute;nh x&#7841;"
"Optional","Tùy chọn"
"Options","T&ugrave;y ch&#7885;n"
"Order #%s","M&atilde; &#273;&#417;n h&agrave;ng: %s"
"Order #%s (%s)","M&atilde; &#273;&#417;n h&agrave;ng: %s (%s)"
"Order Totals","T&#7893;ng s&#7889; &#273;&#417;n h&agrave;ng"
"Order confirmation email not sent","&#272;&#7863;t h&agrave;ng kh&ocirc;ng g&#7917;i email x&aacute;c nh&#7853;n"
"Order confirmation email sent","&#272;&#7863;t h&agrave;ng email x&aacute;c nh&#7853;n &#273;&atilde; &#273;&#432;&#7907;c g&#7917;i"
"Order not longer exist","&#272;&#417;n h&agrave;ng kh&ocirc;ng c&ograve;n t&#7891;n t&#7841;i"
"Order not longer exist.","&#272;&#417;n h&agrave;ng kh&ocirc;ng c&ograve;n t&#7891;n t&#7841;i."
"Orders","&#272;&#417;n &#273;&#7863;t h&agrave;ng"
"Original Magento attribute names in first row:","aiSHOP t&ecirc;n thu&#7897;c t&iacute;nh ban &#273;&#7847;u trong h&agrave;ng &#273;&#7847;u ti&ecirc;n:"
"PEAR Configuration was successfully saved","PEAR C&#7845;u h&igrave;nh &#273;&atilde; &#273;&#432;&#7907;c l&#432;u l&#7841;i"
"PEAR Console","PEAR Console"
"PEAR config","PEAR config"
"PHP Version","PHP Version"
"Package","Package"
"Package %s data was successfully loaded","Package %s data was successfully loaded"
"Package Extensions","Package Extensions"
"Package Info","Package Info"
"Package Information","Package Information"
"Packages","Packages"
"Page","Trang"
"Parent Product Thumbnail","Parent Product Thumbnail"
"Passive mode","Passive mode"
"Password","M&#7853;t kh&#7849;u"
"Password Confirmation","X&aacute;c nh&#7853;n m&#7853;t kh&#7849;u"
"Password:","M&#7853;t kh&#7849;u:"
"Path","&#272;&#432;&#7901;ng d&#7851;n"
"Path:","&#272;&#432;&#7901;ng d&#7851;n:"
"PayPal Email","PayPal Email"
"Payment Data Transfer (PDT)","Payment Data Transfer (PDT)"
"Payment method must be specified","Payment method must be specified"
"Pending Tags","&#272;ang ch&#7901; gi&#7843;i quy&#7871;t Tags"
"Pending installation...","&#272;ang ch&#7901; c&agrave;i &#273;&#7863;t..."
"Per Item","tr&ecirc;n m&#7863;t h&agrave;ng"
"Per Order","tr&ecirc;n &#273;&#417;n h&agrave;ng"
"Percent","Percent"
"Performed At","Performed At"
"Period","Period"
"Permissions","Quy&#7873;n qu&#7843;n l&yacute;"
"Personal Information","Th&ocirc;ng tin c&aacute; nh&acirc;n"
"Phone:","Phone:"
"Please confirm site switching. All data that hasn\'t been saved will be lost.","Vui l&ograve;ng x&aacute;c nh&#7853;n trang web chuy&#7875;n &#273;&#7893;i. T&#7845;t c&#7843; c&aacute;c d&#7919; li&#7879;u &#273;&atilde; &#273;&#432;&#7907;c l&#432;u s&#7869; b&#7883; m&#7845;t."
"Please enter 6 or more characters.","Xin vui l&ograve;ng nh&#7853;p 6 k&yacute; t&#7921; ho&#7863;c nhi&#7873;u h&#417;n."
"Please enter a number greater than 0 in this field.","Xin vui l&ograve;ng nh&#7853;p m&#7897;t s&#7889; l&#7899;n h&#417;n 0 trong feild n&agrave;y."
"Please enter a valid $ amount. For example $100.00.","Please enter a valid $ amount. For example $100.00."
"Please enter a valid URL. For example http://www.example.com or www.example.com","Please enter a valid URL. For example http://www.example.com or www.example.com"
"Please enter a valid URL. http:// is required","Please enter a valid URL. http:// is required"
"Please enter a valid credit card number.","Xin vui l&ograve;ng nh&#7853;p m&#7897;t s&#7889; th&#7867; t&iacute;n d&#7909;ng h&#7907;p l&#7879;."
"Please enter a valid date.","Xin vui l&ograve;ng nh&#7853;p m&#7897;t ng&agrave;y h&#7907;p l&#7879;."
"Please enter a valid email address. For example johndoe@domain.com.","Xin vui l&ograve;ng nh&#7853;p m&#7897;t &#273;&#7883;a ch&#7881; email h&#7907;p l&#7879;. V&iacute; d&#7909; haimai@domain.com."
"Please enter a valid number in this field.","Xin vui l&ograve;ng nh&#7853;p m&#7897;t s&#7889; h&#7907;p l&#7879; trong field  n&agrave;y."
"Please enter a valid phone number. For example (123) 456-7890 or 123-456-7890.","Xin vui l&ograve;ng nh&#7853;p m&#7897;t s&#7889; &#273;i&#7879;n tho&#7841;i h&#7907;p l&#7879;. V&iacute; d&#7909;: (123) 456-7890 ho&#7863;c 123-456-7890."
"Please enter a valid social security number. For example 123-45-6789.","Xin vui l&ograve;ng nh&#7853;p m&#7897;t s&#7889; an sinh x&atilde; h&#7897;i h&#7907;p l&#7879;. V&iacute; d&#7909;: 123-45-6789."
"Please enter a valid value from list","Xin vui l&ograve;ng nh&#7853;p m&#7897;t gi&aacute; tr&#7883; h&#7907;p l&#7879; t&#7915; danh s&aacute;ch"
"Please enter a valid value, ex: 10,20,30","Xin vui l&ograve;ng nh&#7853;p m&#7897;t gi&aacute; tr&#7883; h&#7907;p l&#7879;, v&iacute; d&#7909;: 10,20,30"
"Please enter a valid zip code.","Xin vui l&ograve;ng nh&#7853;p m&#7897;t m&atilde; v&ugrave;ng h&#7907;p l&#7879;."
"Please enter a valid zip code. For example 90602 or 90602-1234.","Xin vui l&ograve;ng nh&#7853;p m&#7897;t m&atilde; v&ugrave;ng h&#7907;p l&#7879;. V&iacute; d&#7909;: 0084 ho&#7863;c 90602-1234."
"Please enter valid password.","Xin vui l&ograve;ng nh&#7853;p m&#7853;t kh&#7849;u h&#7907;p l&#7879;."
"Please fill in 'email' field.","Xin vui l&ograve;ng &#273;i&#7873;n v&agrave;o tr&#432;&#7901;ng 'email'."
"Please make sure that all global admin search modules are installed and activated.","Xin vui l&ograve;ng ch&#7855;c ch&#7855;n r&#7857;ng t&#7845;t c&#7843; c&aacute;c module to&agrave;n c&#7847;u admin &#273;ang t&igrave;m ki&#7871;m &#273;&atilde; c&agrave;i &#273;&#7863;t v&agrave; &#273;&atilde; k&iacute;ch ho&#7841;t."
"Please make sure that your changes were saved before running the profile.","Vui l&ograve;ng ch&#7855;c ch&#7855;n r&#7857;ng c&aacute;c thay &#273;&#7893;i c&#7911;a b&#7841;n &#273;&atilde; &#273;&#432;&#7907;c l&#432;u tr&#432;&#7899;c khi ch&#7841;y c&aacute;c h&#7891; s&#417;."
"Please make sure your passwords match.","H&atilde;y ch&#7855;c ch&#7855;n r&#7857;ng m&#7853;t kh&#7849;u c&#7911;a b&#7841;n ph&ugrave; h&#7907;p v&#7899;i."
"Please select State/Province.","Xin vui l&ograve;ng l&#7921;a ch&#7885;n Th&agrave;nh ph&#7889;/ T&#7881;nh."
"Please select a category","Xin vui l&ograve;ng l&#7921;a ch&#7885;n Danh m&#7909;c"
"Please select a custmer","Xin vui l&ograve;ng l&#7921;a ch&#7885;n kh&aacute;ch h&agrave;ng"
"Please select a product","Xin vui l&ograve;ng l&#7921;a ch&#7885;n m&#7897;t s&#7843;n ph&#7849;m"
"Please select a store","Xin vui l&ograve;ng l&#7921;a ch&#7885;n m&#7897;t store"
"Please select a type","Vui l&ograve;ng ch&#7885;n m&#7897;t lo&#7841;i"
"Please select an option.","Xin vui l&ograve;ng l&#7921;a ch&#7885;n m&#7897;t trong nh&#7919;ng ch&#7885;n l&#7921;a."
"Please select catalog searches","Xin vui l&ograve;ng l&#7921;a ch&#7885;n m&#7909;c t&igrave;m ki&#7871;m"
"Please select customer(s)","Xin vui l&ograve;ng l&#7921;a ch&#7885;n kh&aacute;ch h&agrave;ng"
"Please select one of the above options.","Xin vui l&ograve;ng l&#7921;a ch&#7885;n m&#7897;t trong nh&#7919;ng l&#7921;a ch&#7885;n &#7903; tr&ecirc;n."
"Please select one of the options.","Xin vui l&ograve;ng l&#7921;a ch&#7885;n m&#7897;t trong nh&#7919;ng l&#7921;a ch&#7885;n."
"Please select review(s)","in vui l&ograve;ng l&#7921;a ch&#7885;n review"
"Please select tag(s)","in vui l&ograve;ng l&#7921;a ch&#7885;n tag"
"Please specify admin custom URL","Xin vui l&ograve;ng ch&#7881; &#273;&#7883;nh URL admin  tu&#7923; ch&#7881;nh"
"Please specify at least start or end date.","Xin vui l&ograve;ng ch&#7881; &#273;&#7883;nh &iacute;t nh&#7845;t l&agrave; ng&agrave;y b&#7855;t &#273;&#7847;u ho&#7863;c ng&agrave;y k&#7871;t th&uacute;c."
"Please use in this field only ""a-z,0-9,_"".","Xin vui l&ograve;ng s&#7917; d&#7909;ng trong l&#297;nh v&#7921;c n&agrave;y ch&#7881; ""a-z,0-9,_""."
"Please use letters only (a-z) in this field.","Please use letters only (a-z) in this field."
"Please use numbers only in this field. please avoid spaces or other characters such as dots or commas.","Please use numbers only in this field. please avoid spaces or other characters such as dots or commas."
"Please use only letters (a-z) or numbers (0-9) only in this field. No spaces or other characters are allowed.","Please use only letters (a-z) or numbers (0-9) only in this field. No spaces or other characters are allowed."
"Please use only letters (a-z) or numbers (0-9) or spaces and # only in this field.","Please use only letters (a-z) or numbers (0-9) or spaces and # only in this field."
"Please use this date format: dd/mm/yyyy. For example 17/03/2006 for the 17th of March, 2006.","Please use this date format: dd/mm/yyyy. For example 17/03/2006 for the 17th of March, 2006."
"Please wait, loading...","&#272;ang t&#7843;i d&#7919; li&#7879;u, b&#7841;n ch&#7901; ch&uacute;t..."
"Please wait...","&#272;ang t&#7843;i d&#7919; li&#7879;u, b&#7841;n ch&#7901; ch&uacute;t..."
"Please, add a few answers to this poll first","Please, add a few answers to this poll first"
"Please, select visible in stores to this poll first","Please, select visible in stores to this poll first"
"Poll Manager","Qu&#7843;n ly b&igrave;nh ch&#7885;n"
"Poll was successfully deleted","Phi&#7871;u th&#259;m d&ograve; &yacute; ki&#7871;n &#273;&atilde; &#273;&#432;&#7907;c x&oacute;a"
"Poll was successfully saved","Phi&#7871;u th&#259;m d&ograve; &yacute; ki&#7871;n &#273;&atilde; &#273;&#432;&#7907;c l&#432;u l&#7841;i"
"Position of Watermark for %s","Position of Watermark for %s"
"Preferred state","&#431;a th&iacute;ch c&#7911;a ti&#7875;u bang"
"Preparing to change $pkg, please wait...","Preparing to change $pkg, please wait..."
"Preview","Xem"
"Preview Template","Preview Template"
"Previous page","Trang tr&#432;&#7899;c"
"Price","Gi&aacute; ti&#7873;n"
"Price alert subscription was saved successfully","Price alert subscription was saved successfully"
"Price:","Gi&aacute; ti&#7873;n:"
"Primary Billing Address","Primary Billing Address"
"Processed <strong>%s%% %s/%d</strong> records","Processed <strong>%s%% %s/%d</strong> records"
"Product","S&#7843;n ph&#7849;m"
"Product Categories","Danh m&#7909;c s&#7843;n ph&#7849;m"
"Product Thumbnail Itself","S&#7843;n ph&#7849;m thumbnail ch&iacute;nh n&oacute;"
"Products","S&#7843;n ph&#7849;m"
"Profile Action","Profile Action"
"Profile Actions XML","H&#7891; s&#417; h&agrave;nh &#273;&#7897;ng xml"
"Profile Direction","H&#432;&#7899;ng h&#7891; s&#417;"
"Profile History","L&#7883;ch s&#7917; H&#7891; s&#417;"
"Profile Information","Th&ocirc;ng tin h&#7891; s&#417;"
"Profile Name","T&ecirc;n h&#7891; s&#417;"
"Profile Wizard","H&#7891; s&#417; Wizard"
"Profile was deleted","H&#7891; s&#417; &#273;&atilde; &#273;&#432;&#7907;c x&oacute;a"
"Profile was successfully saved","H&#7891; s&#417; &#273;&atilde; &#273;&#432;&#7907;c l&#432;u l&#7841;i"
"Profiles","H&#7891; s&#417;"
"Promo","Promo"
"Promotions","Ch&#432;&#417;ng tr&igrave;nh khuy&#7871;n m&atilde;i"
"Provided Files","Cung c&#7845;p t&#7853;p tin"
"Qty","S&#7889; l&#432;&#7907;ng"
"Quantity","S&#7889; l&#432;&#7907;ng"
"Radio Buttons","Radio Buttons"
"Rates","Rates"
"Rating was successfully deleted","&#272;&aacute;nh gi&aacute; &#273;&atilde; &#273;&#432;&#7907;c x&oacute;a"
"Rating was successfully saved","&#272;&aacute;nh gi&aacute; &#273;&atilde; &#273;&#432;&#7907;c l&#432;u l&#7841;i  th&agrave;nh c&ocirc;ng"
"Read details","Chi ti&#7871;t"
"Recent Orders","&#272;&#7863;t h&agrave;ng g&#7847;n &#273;&acirc;y"
"Recommended","&#272;&#7873; ngh&#7883;"
"Redirect","Chuy&#7875;n h&#432;&#7899;ng"
"Refresh","Refresh"
"Region/State","Region/State"
"Release","Release"
"Release Info","Release Info"
"Release Stability","Release Stability"
"Release Version","Release Version"
"Remote Extension Info","Remote Extension Info"
"Remote FTP","Remote FTP"
"Remote URL:","Remote URL:"
"Remove","Lo&#7841;i b&#7887;"
"Reports","B&aacute;o c&aacute;o"
"Request Path","Y&ecirc;u c&#7847;u &#272;&#432;&#7901;ng d&#7851;n"
"Required","B&#7855;t bu&#7897;c ph&#7843;i nh&#7853;p"
"Reset","Reset"
"Reset Filter","&#272;&#7863;t l&#7841;i c&aacute;ch t&igrave;m"
"Resize","Resize"
"Resource Access","Nh&oacute;m quy&#7873;n h&#7841;n"
"Resources","Quy&#7873;n h&#7841;n"
"Results"," T&#7893;ng"
"Retrieve Password","L&#7845;y m&#7853;t kh&#7849;u"
"Return Html Version","Tr&#7903; l&#7841;i phi&ecirc;n b&#7843;n html"
"Revenue","Doanh thu"
"Role","Nh&oacute;m"
"Role ID","ID Nh&oacute;m"
"Role Info","Th&ocirc;ng tin nh&oacute;m"
"Role Information","Th&ocirc;ng tin nh&oacute;m"
"Role Name","T&ecirc;n nh&oacute;m"
"Role Resources","Quy&#7873;n h&#7841;n c&#7911;a nh&oacute;m"
"Role Users","Th&agrave;nh vi&ecirc;n trong nh&oacute;m"
"Role successfully deleted.","X&oacute;a th&agrave;nh c&ocirc;ng."
"Role successfully saved.","&#272;&atilde; l&#432;u xong."
"Roles","Nh&oacute;m"
"Roles Resources","Quy&#7873;n h&#7841;n c&#7911;a nh&oacute;m"
"Rotate CCW","Rotate CCW"
"Rotate CW","Rotate CW"
"Run","Run"
"Run Profile","Run Profile"
"Run Profile In Popup","Run Profile In Popup"
"Run Profile Inside This Window","Run Profile Inside This Window"
"Run in popup","Ch&#7841;y tr&ecirc;n popup"
"Running:","Running:"
"SKU","M&atilde; s&#7843;n ph&#7849;m"
"SKU:","M&atilde; s&#7843;n ph&#7849;m:"
"SSL Error: Invalid or self-signed certificate","SSL Error: Invalid or self-signed certificate"
"Sales Report","B&aacute;o c&aacute;o kinh doanh"
"Save","L&#432;u"
"Save Account","Save Account"
"Save And Continue Edit","L&#432;u v&agrave; s&#7917;a ti&#7871;p"
"Save Config","L&#432;u c&agrave;i &#273;&#7863;t"
"Save Currency Rates","Save Currency Rates"
"Save PEAR Config","Save PEAR Config"
"Save Profile","L&#432;u Profile"
"Save Role","L&#432;u Role"
"Save Sitemap","L&#432;u Sitemap"
"Save Template","L&#432;u Template"
"Save Url","L&#432;u Url"
"Save User","L&#432;u User"
"Save and Continue Editing","L&#432;u v&agrave; s&#7917;a ti&#7871;p"
"Save cache settings","L&#432;u Cache"
"Save data and Create Package","Save data and Create Package"
"Search","T&igrave;m"
"Search Term","T&#7915;"
"Search Terms","T&#7913; kh&oacute;a t&igrave;m ki&#7871;m"
"Select","Ch&#7885;n"
"Select All","Ch&#7885;n h&#7871;t"
"Select Date","Ch&#7885;n ng&agrave;y"
"Select Range","Ch&#7885;n ph&#7841;m vi"
"Select Visible","Ch&#7885;n records &#273;ang hi&#7875;n th&#7883;"
"Sender","Ng&#432;&#7901;i g&#7903;i"
"Separate email","Separate email"
"Shipment #%s comment added","Shipment #%s comment added"
"Shipment #%s created","Shipment #%s created"
"Shipment Comments","Shipment Comments"
"Shipment History","Shipment History"
"Shipment was successfully created.","Shipment was successfully created."
"Shipment was successfully sent.","Shipment was successfully sent."
"Shipments","Qu&#7843;n l&yacute; c&aacute;c l&ocirc; h&agrave;ng"
"Shipping","V&#7853;n chuy&#7875;n"
"Shipping Address","&#272;&#7883;a ch&#7881; giao h&agrave;ng"
"Shipping Price","Ph&iacute; v&#7853;n chuy&#7875;n"
"Shipping address","&#272;&#7883;a ch&#7881; giao h&agrave;ng"
"Shipping address selection is not applicable","Shipping address selection is not applicable"
"Shipping method must be specified","Shipping method must be specified"
"Shipping method selection is not applicable","Shipping method selection is not applicable"
"Shipping origin","Shipping origin"
"Shopping Cart from %s","Shopping Cart from %s"
"Show Report for","Hi&#7875;n th&#7883; b&aacute;o c&aacute;o v&#7899;i"
"Show by","Xem theo"
"Show reviews","Hi&#7875;n th&#7883; &#273;&aacute;nh gi&aacute;"
"Sitemap Information","C&#7845;u h&igrave;nh Sitemap"
"Size for %s","Size for %s"
"Some items in this order have different invoice and shipment types. You can create shipment only after the invoice is created.","Some items in this order have different invoice and shipment types. You can create shipment only after the invoice is created."
"Some of the ordered items don\'t exist in the catalog anymore and will be removed if you try to edit the order.","Some of the ordered items don\'t exist in the catalog anymore and will be removed if you try to edit the order."
"Sorry, this feature is coming soon...","Sorry, this feature is coming soon..."
"Sort Order","Sort Order"
"Specific Countries","Các nước có thể"
"Spreadsheet Name:","T&ecirc;n b&#7843;ng t&iacute;nh:"
"Stability","&#7892;n &#273;&#7883;nh"
"Start Date","Ng&agrave;y b&#7855;t &#273;&#7847;u"
"Starting profile execution, please wait...","B&#7855;t &#273;&#7847;u th&#7921;c hi&#7879;n h&#7891; s&#417;, xin vui l&ograve;ng ch&#7901; &#273;&#7907;i..."
"State/Province:","T&#7881;nh/Th&agrave;nh ph&#7889;:"
"Status","Tr&#7841;ng th&aacute;i"
"Status:","Tr&#7841;ng th&aacute;i:"
"Stock Quantity:","S&#7889; l&#432;&#7907;ng trong kho:"
"Stock notification was saved successfully","Stock notification was saved successfully"
"Store","Store"
"Store View","Store View"
"Store Views","Store Views"
"Store:","Store:"
"Stores","Stores"
"Subject","Ti&ecirc;u &#273;&#7873;"
"Submit","Submit"
"Subpackage","Subpackage"
"Subpackage can't be conflicting","Subpackage can't be conflicting"
"Subpackages","Subpackages"
"Subtotal","ST&#7893;ng ti&#7873;n"
"Subtotal Amount","T&#7893;ng S&#7889; Ti&#7873;n"
"Summary","T&oacute;m t&#7855;t"
"Summary:","T&oacute;m t&#7855;t:"
"Switch/Solo Only","Switch/Solo Only"
"Switch/Solo card issue number: %s","Switch/Solo card issue number: %s"
"Switch/Solo card start Date: %s/%s","Switch/Solo card start Date: %s/%s"
"Switch/Solo/Maestro(UK Domestic) Only","Switch/Solo/Maestro(UK Domestic) Only"
"Switch/Solo/Maestro(UK Domestic) card issue number: %s","Switch/Solo/Maestro(UK Domestic) card issue number: %s"
"Switch/Solo/Maestro(UK Domestic) card start Date: %s/%s","Switch/Solo/Maestro(UK Domestic) card start Date: %s/%s"
"System","H&#7879; th&#7889;ng"
"Tag was successfully deleted","Tag was successfully deleted"
"Tag was successfully saved","Tag was successfully saved"
"Tags","Tags"
"Target Path","&#272;&#432;&#7901;ng d&#7851;n m&#7909;c ti&ecirc;u"
"Tax","Thu&#7871;"
"Tb","Tb"
"Template","Giao di&#7879;n"
"Template Content","Giao di&#7879;n n&#7897;i dung"
"Template Information","Th&ocirc;ng tin giao di&#7879;n"
"Template Name","T&ecirc;n giao di&#7879;n"
"Template Subject","Ti&ecirc;u &#273;&#7873;"
"Template Type","Lo&#7841;i giao di&#7879;n"
"Text","Text"
"The archive can be uncompressed with <a href=""%s"">%s</a> on Windows systems","The archive can be uncompressed with <a href=""%s"">%s</a> on Windows systems"
"The information in this tab has been changed.","The information in this tab has been changed."
"This account is","This account is"
"This attribute set don\'t have attributes which we can use for configurable product","This attribute set don\'t have attributes which we can use for configurable product"
"This attribute shares the same value in all the stores","This attribute shares the same value in all the stores"
"This is a required field.","Thi&#7871;u th&ocirc;ng tin m&#7909;c n&agrave;y"
"This section is not allowed.","This section is not allowed."
"This tab contains invalid data. Please solve the problem before saving.","This tab contains invalid data. Please solve the problem before saving."
"This user no longer exists","This user no longer exists"
"Thumbnail","Thumbnail"
"Time","Time"
"To","To"
"Toggle Editor","Toggle Editor"
"Tools","Tools"
"Top 5 Search Terms","Top 5 &#273;i&#7873;u ki&#7879;n t&igrave;m ki&#7871;m"
"Total","T&#7893;ng"
"Total %d records found","T&#7893;ng c&#7897;ng c&oacute; %d records"
"Total Amount","T&#7893;ng c&#7897;ng S&#7889; ti&#7873;n"
"Total Invoiced","T&#7893;ng c&#7897;ng  ho&aacute; &#273;&#417;n"
"Total Order Amount","T&#7893;ng c&#7897;ng s&#7889; ti&#7873;n &#273;&#7863;t h&agrave;ng"
"Total Refunded","T&#7893;ng c&#7897;ng ho&agrave;n l&#7841;i"
"Total of %d record(s) were successfully deleted","Total of %d record(s) were successfully deleted"
"Total of %d record(s) were successfully updated","Total of %d record(s) were successfully updated"
"Track order","Track order"
"Track this shipment","Track this shipment"
"Tracking number %s for %s assigned","Tracking number %s for %s assigned"
"Tracking number can not be empty.","Tracking number can not be empty."
"Transactional Emails","Transactional Emails"
"Type","Type"
"Type:","Type:"
"Unable to find a poll to delete","Kh&ocirc;ng th&#7875; t&igrave;m th&#7845;y m&#7897;t phi&#7871;u th&#259;m d&ograve; &yacute; ki&#7871;n &#273;&#7875; x&oacute;a"
"Unable to find a tag to delete","Kh&ocirc;ng th&#7875; t&igrave;m th&#7845;y m&#7897;t th&#7867; &#273;&#7875; x&oacute;a"
"Unable to find a user to delete","Kh&ocirc;ng th&#7875; t&igrave;m th&#7845;y m&#7897;t user  &#273;&#7875; xo&aacute;"
"Unable to get product id.","Kh&ocirc;ng th&#7875; nh&#7853;n &#273;&#432;&#7907;c s&#7843;n ph&#7849;m id."
"Unable to initialize import model","Kh&ocirc;ng th&#7875; kh&#7903;i t&#7841;o m&ocirc; h&igrave;nh import"
"Uninstall","B&#7887; c&agrave;i &#273;&#7863;t"
"Uninstalling $pkg, please wait...","Uninstalling $pkg, please wait..."
"Uninstalling selected packages, please wait...","Uninstalling selected packages, please wait..."
"Unknown","Unknown"
"Unknown error","Unknown error"
"Unselect All","B&#7887; ch&#7885;n t&#7845;t c&#7843;"
"Unselect Visible","B&#7887; ch&#7885;n"
"Update","Update"
"Updated At","Updated At"
"Upgrade","Upgrade"
"Upgrade All Available Packages","Upgrade All Available Packages"
"Upgrade all available packages","Upgrade all available packages"
"Upgrade all packages","Upgrade all packages"
"Upgrading $pkg, please wait...","Upgrading $pkg, please wait..."
"Upgrading all available packages, please wait...","Upgrading all available packages, please wait..."
"Upgrading all packages, please wait...","Upgrading all packages, please wait..."
"Upgrading selected packages, please wait...","Upgrading selected packages, please wait..."
"Upload File","Upload File"
"Upload Files","Upload Files"
"Upload HTTP Error","Upload HTTP Error"
"Upload I/O Error","Upload I/O Error"
"Upload Local File","Upload Local File"
"Upload Security Error","Upload Security Error"
"Upload and Install","Upload and Install"
"Upload import file","Upload import file"
"Upload local file:","Upload local file:"
"Add URL Rewrite","Th&ecirc;m URL"
"Add New URL Rewrite", "Th&ecirc;m URL m&#7899;i"
"Create URL Rewrite", "Th&ecirc;m URL cho"
"URL Rewrite Information","Th&ocirc;ng tin URL"
"URL Rewrite Management","Qu&#7843;n l&yacute; URL"
"Urlrewrite was deleted","M&#7843; h&oacute;a link &#273;&atilde; b&#7883; x&oacute;a"
"Urlrewrite was successfully saved","M&#7843; h&oacute;a link &#273;&atilde; &#273;&#432;&#7907;c l&#432;u"
"Use Default Value","S&#7917; d&#7909;ng c&aacute;c gi&aacute; tr&#7883; m&#7863;c &#273;&#7883;nh"
"Use default","S&#7917; d&#7909;ng m&#7863;c &#273;&#7883;nh"
"Use website","Use website"
"User","User"
"User Email","User Email"
"User ID","User ID"
"User Info","Th&ocirc;ng tin user"
"User Information","Th&ocirc;ng tin user"
"User Name","T&ecirc;n"
"User Name:","T&ecirc;n:"
"User Role","User Role"
"User Roles","User Roles"
"User Roles Information","User Roles Information"
"User name","T&ecirc;n name"
"User was successfully deleted","Th&agrave;nh vi&ecirc;n &#273;&atilde; &#273;&#432;&#7907;c x&oacute;a"
"User was successfully saved","Th&agrave;nh vi&ecirc;n &#273;&atilde; &#273;&#432;&#7907;c l&#432;u l&#7841;i"
"User with the same User Name or Email aleady exists","User with the same User Name or Email aleady exists"
"Users","Th&agrave;nh vi&ecirc;n"
"Value","Value"
"Value Delimiter:","Value Delimiter:"
"Version","Version"
"Version:","Version:"
"View","Xem"
"View Actions XML","View Actions XML"
"View Statistics for","Xem th&#7889;ng k&ecirc; v&#7899;i"
"Visibility:","V&#7883; tr&iacute; hi&#7875;n th&#7883; s&#7843;n ph&#7849;m:"
"Warning!\r\nThis action will remove this user from already assigned role\r\nAre you sure?","Warning!\r\nThis action will remove this user from already assigned role\r\nAre you sure?"
"Warning!\r\nThis action will remove those users from already assigned roles\r\nAre you sure?","Warning!\r\nThis action will remove those users from already assigned roles\r\nAre you sure?"
"Warning: Please don't close window during importing/exporting data","Warning: Please don't close window during importing/exporting data"
"Watermark File for %s","Watermark File for %s"
"We\'re in our typing table, coding away more features for Magento. Thank you for your patience.","We\'re in our typing table, coding away more features for Magento. Thank you for your patience."
"Web Services","Web Services"
"Web services","Web services"
"Website","Website"
"What is this?","N&agrave;y l&agrave; g&igrave;?"
"Wishlist Report","Th&ocirc;ng b&aacute;o danh s&aacute;ch y&ecirc;u c&#7847;u"
"Wrong column format","Sai &#273;&#7883;nh d&#7841;ng c&#7897;t"
"Wrong tab configuration","Tab c&#7845;u h&igrave;nh sai"
"XML","XML"
"YTD","1 n&#259;m"
"Yes","Yes"
"Yes (only price with tax)","Yes (only price with tax)"
"You can not delete self assigned roles.","You can not delete self assigned roles."
"You cannot delete account of yourself","You cannot delete account of yourself"
"You have not enought permissions to login.","You have not enought permissions to login."
"You have not enought permissions to use this functionality.","You have not enought permissions to use this functionality."
"You need specify carrier.","B&#7841;n c&#7847;n x&aacute;c &#273;&#7883;nh nh&agrave; cung c&#7845;p d&#7883;ch v&#7909;."
"You need specify order items","B&#7841;n c&#7847;n x&aacute;c &#273;&#7883;nh th&#7913; t&#7921; b&agrave;i"
"You successfully logged out.","B&#7841;n &#273;&atilde; tho&aacute;t kh&#7887;i h&#7879; th&#7889;ng. Ch&uacute;c b&#7841;n g&#7863;p nhi&#7873;u may m&#7855;n v&agrave; h&#7865;n g&#7863;p l&#7841;i."
"Your Account has been deactivated.","T&agrave;i kho&#7843;n c&#7911;a b&#7841;n &#273;&atilde; &#273;&#432;&#7907;c k&iacute;ch ho&#7841;t l&#7841;i."
"Your answers contain duplicates.","C&acirc;u tr&#7843; l&#7901;i c&#7911;a b&#7841;n ch&#7913;a b&#7843;n sao."
"Zip/Postal Code","Zip/Postal Code"
"Zip/Postal Code:","Zip/Postal Code:"
"[ deleted ]","[ deleted ]"
"[deleted]","[deleted]"
"b","b"
"close","close"
"critical","quan tr&#7885;ng"
"example: ""sitemap/"" or ""/"" for base path (path must be writeable)","example: ""sitemap/"" or ""/"" for base path (path must be writeable)"
"example: sitemap.xml","example: sitemap.xml"
"images/logo.png","images/logo.png"
"items selected","records &#273;&#432;&#7907;c ch&#7885;n"
"major","major"
"md5sum","md5sum"
"minor","minor"
"notice","th&ocirc;ng b&aacute;o"
"of %s pages","c&#7911;a %s trang"
"per page","trang"
"store(%s) scope","store(%s) scope"
"to","to"
"website(%s) scope","website(%s) scope"
"{{base_url}} is not recommended to use in a production environment to declare the Base Unsecure Url / Base Secure Url. It is highly recommended to change this value in you Magento <a href=""%s"">configuration</a>.","{{base_url}} is not recommended to use in a production environment to declare the Base Unsecure Url / Base Secure Url. It is highly recommended to change this value in you Magento <a href=""%s"">configuration</a>."
"Store Email Addresses", "C&agrave;i &#273;&#7863;t email"
"Sender name", "T&ecirc;n ng&#432;&#7901;i g&#7903;i"
"Sender email","Email ng&#432;&#7901;i g&#7903;i"
"Web", "C&agrave;i &#273;&#7863;t h&#7879; th&#7889;ng"

"Billing Address","&#272;&#7883;a ch&#7881; thanh to&aacute;n"
"Billing Address: ","&#272;&#7883;a ch&#7881; thanh to&aacute;n: "
"Billing Agreement","Th&#7889;ng k&ecirc; th&#7887;a thu&#7853;n thanh to&aacute;n"
"Billing Agreements","Th&#7889;ng k&ecirc; th&#7887;a thu&#7853;n thanh to&aacute;n"
"Credit Memo History","Credit Memo History"
"Credit Memo Totals","Credit Memo Totals"
"Credit Memos","&#272;&#417;n h&agrave;ng &#273;&#432;&#7907;c quan t&acirc;m"
"Credit memo #%s comment added","Credit memo #%s comment added"
"Credit memo #%s created","Credit memo #%s created"
"Credit memo\'s total must be positive.","Credit memo\'s total must be positive."
"Transaction Data","Ng&agrave;y giao d&#7883;ch"
"Transaction Details","Chi ti&#7871;t giao d&#7883;ch"
"Transaction ID","M&atilde; s&#7889; giao d&#7883;ch"
"Transaction Type","Lo&#7841;i giao d&#7883;ch"
"Transactional Emails","Email giao d&#7883;ch"
"Transactions","Qu&#7843;n l&yacute; giao d&#7883;ch"
"Collapse All","Thu g&#7885;n"
"Expand All", "M&#7903; danh m&#7909;c"